Fra;Til;Målenavn;Volum;Enhet;Kvalitet;Registreringstidspunkt
2026-02-01T00:00:00+01:00;2026-02-01T01:00:00+01:00;KWH 60 Forbruk;2,374;kWh;Målt;2026-02-02T06:39:56+01:00
2026-02-01T01:00:00+01:00;2026-02-01T02:00:00+01:00;KWH 60 Forbruk;2,141;kWh;Målt;2026-02-02T06:39:56+01:00
2026-02-01T02:00:00+01:00;2026-02-01T03:00:00+01:00;KWH 60 Forbruk;2,379;kWh;Målt;2026-02-02T06:39:56+01:00
2026-02-01T03:00:00+01:00;2026-02-01T04:00:00+01:00;KWH 60 Forbruk;2,707;kWh;Målt;2026-02-02T06:39:56+01:00
2026-02-01T04:00:00+01:00;2026-02-01T05:00:00+01:00;KWH 60 Forbruk;2,403;kWh;Målt;2026-02-02T06:39:56+01:00
2026-02-01T05:00:00+01:00;2026-02-01T06:00:00+01:00;KWH 60 Forbruk;2,155;kWh;Målt;2026-02-02T06:39:56+01:00
2026-02-01T06:00:00+01:00;2026-02-01T07:00:00+01:00;KWH 60 Forbruk;2,502;kWh;Målt;2026-02-02T06:39:56+01:00
2026-02-01T07:00:00+01:00;2026-02-01T08:00:00+01:00;KWH 60 Forbruk;3,949;kWh;Målt;2026-02-02T06:39:56+01:00
2026-02-01T08:00:00+01:00;2026-02-01T09:00:00+01:00;KWH 60 Forbruk;2,595;kWh;Målt;2026-02-02T06:39:56+01:00
2026-02-01T09:00:00+01:00;2026-02-01T10:00:00+01:00;KWH 60 Forbruk;4,085;kWh;Målt;2026-02-02T06:39:56+01:00
2026-02-01T10:00:00+01:00;2026-02-01T11:00:00+01:00;KWH 60 Forbruk;4,475;kWh;Målt;2026-02-02T06:39:56+01:00
2026-02-01T11:00:00+01:00;2026-02-01T12:00:00+01:00;KWH 60 Forbruk;4,227;kWh;Målt;2026-02-02T06:39:56+01:00
2026-02-01T12:00:00+01:00;2026-02-01T13:00:00+01:00;KWH 60 Forbruk;4,369;kWh;Målt;2026-02-02T06:39:56+01:00
2026-02-01T13:00:00+01:00;2026-02-01T14:00:00+01:00;KWH 60 Forbruk;2,883;kWh;Målt;2026-02-02T06:39:56+01:00
2026-02-01T14:00:00+01:00;2026-02-01T15:00:00+01:00;KWH 60 Forbruk;2,152;kWh;Målt;2026-02-02T06:39:56+01:00
2026-02-01T15:00:00+01:00;2026-02-01T16:00:00+01:00;KWH 60 Forbruk;2,249;kWh;Målt;2026-02-02T06:39:56+01:00
2026-02-01T16:00:00+01:00;2026-02-01T17:00:00+01:00;KWH 60 Forbruk;3,476;kWh;Målt;2026-02-02T06:39:56+01:00
2026-02-01T17:00:00+01:00;2026-02-01T18:00:00+01:00;KWH 60 Forbruk;2,477;kWh;Målt;2026-02-02T06:39:56+01:00
2026-02-01T18:00:00+01:00;2026-02-01T19:00:00+01:00;KWH 60 Forbruk;4,977;kWh;Målt;2026-02-02T06:39:56+01:00
2026-02-01T19:00:00+01:00;2026-02-01T20:00:00+01:00;KWH 60 Forbruk;4,209;kWh;Målt;2026-02-02T06:39:56+01:00
2026-02-01T20:00:00+01:00;2026-02-01T21:00:00+01:00;KWH 60 Forbruk;1,066;kWh;Målt;2026-02-02T06:39:56+01:00
2026-02-01T21:00:00+01:00;2026-02-01T22:00:00+01:00;KWH 60 Forbruk;1,657;kWh;Målt;2026-02-02T06:39:56+01:00
2026-02-01T22:00:00+01:00;2026-02-01T23:00:00+01:00;KWH 60 Forbruk;2,133;kWh;Målt;2026-02-02T06:39:56+01:00
2026-02-01T23:00:00+01:00;2026-02-02T00:00:00+01:00;KWH 60 Forbruk;2,164;kWh;Målt;2026-02-02T06:39:56+01:00
2026-02-02T00:00:00+01:00;2026-02-02T01:00:00+01:00;KWH 60 Forbruk;1,533;kWh;Målt;2026-02-03T06:21:28+01:00
2026-02-02T01:00:00+01:00;2026-02-02T02:00:00+01:00;KWH 60 Forbruk;1,549;kWh;Målt;2026-02-03T06:21:28+01:00
2026-02-02T02:00:00+01:00;2026-02-02T03:00:00+01:00;KWH 60 Forbruk;3,032;kWh;Målt;2026-02-03T06:21:28+01:00
2026-02-02T03:00:00+01:00;2026-02-02T04:00:00+01:00;KWH 60 Forbruk;2,169;kWh;Målt;2026-02-03T06:21:28+01:00
2026-02-02T04:00:00+01:00;2026-02-02T05:00:00+01:00;KWH 60 Forbruk;2,261;kWh;Målt;2026-02-03T06:21:28+01:00
2026-02-02T05:00:00+01:00;2026-02-02T06:00:00+01:00;KWH 60 Forbruk;2,513;kWh;Målt;2026-02-03T06:21:28+01:00
2026-02-02T06:00:00+01:00;2026-02-02T07:00:00+01:00;KWH 60 Forbruk;2,616;kWh;Målt;2026-02-03T06:21:28+01:00
2026-02-02T07:00:00+01:00;2026-02-02T08:00:00+01:00;KWH 60 Forbruk;3,796;kWh;Målt;2026-02-03T06:21:28+01:00
2026-02-02T08:00:00+01:00;2026-02-02T09:00:00+01:00;KWH 60 Forbruk;5,062;kWh;Målt;2026-02-03T06:21:28+01:00
2026-02-02T09:00:00+01:00;2026-02-02T10:00:00+01:00;KWH 60 Forbruk;5,408;kWh;Målt;2026-02-03T06:21:28+01:00
2026-02-02T10:00:00+01:00;2026-02-02T11:00:00+01:00;KWH 60 Forbruk;3,847;kWh;Målt;2026-02-03T06:21:28+01:00
2026-02-02T11:00:00+01:00;2026-02-02T12:00:00+01:00;KWH 60 Forbruk;4,808;kWh;Målt;2026-02-03T06:21:28+01:00
2026-02-02T12:00:00+01:00;2026-02-02T13:00:00+01:00;KWH 60 Forbruk;3,548;kWh;Målt;2026-02-03T06:21:28+01:00
2026-02-02T13:00:00+01:00;2026-02-02T14:00:00+01:00;KWH 60 Forbruk;3,015;kWh;Målt;2026-02-03T06:21:28+01:00
2026-02-02T14:00:00+01:00;2026-02-02T15:00:00+01:00;KWH 60 Forbruk;3,392;kWh;Målt;2026-02-03T06:21:28+01:00
2026-02-02T15:00:00+01:00;2026-02-02T16:00:00+01:00;KWH 60 Forbruk;3,116;kWh;Målt;2026-02-03T06:21:28+01:00
2026-02-02T16:00:00+01:00;2026-02-02T17:00:00+01:00;KWH 60 Forbruk;2,936;kWh;Målt;2026-02-03T06:21:28+01:00
2026-02-02T17:00:00+01:00;2026-02-02T18:00:00+01:00;KWH 60 Forbruk;2,966;kWh;Målt;2026-02-03T06:21:28+01:00
2026-02-02T18:00:00+01:00;2026-02-02T19:00:00+01:00;KWH 60 Forbruk;2,527;kWh;Målt;2026-02-03T06:21:28+01:00
2026-02-02T19:00:00+01:00;2026-02-02T20:00:00+01:00;KWH 60 Forbruk;3,025;kWh;Målt;2026-02-03T06:21:28+01:00
2026-02-02T20:00:00+01:00;2026-02-02T21:00:00+01:00;KWH 60 Forbruk;2,007;kWh;Målt;2026-02-03T06:21:28+01:00
2026-02-02T21:00:00+01:00;2026-02-02T22:00:00+01:00;KWH 60 Forbruk;1,217;kWh;Målt;2026-02-03T06:21:28+01:00
2026-02-02T22:00:00+01:00;2026-02-02T23:00:00+01:00;KWH 60 Forbruk;1,975;kWh;Målt;2026-02-03T06:21:28+01:00
2026-02-02T23:00:00+01:00;2026-02-03T00:00:00+01:00;KWH 60 Forbruk;2,921;kWh;Målt;2026-02-03T06:21:28+01:00
2026-02-03T00:00:00+01:00;2026-02-03T01:00:00+01:00;KWH 60 Forbruk;1,704;kWh;Målt;2026-02-04T06:39:53+01:00
2026-02-03T01:00:00+01:00;2026-02-03T02:00:00+01:00;KWH 60 Forbruk;1,874;kWh;Målt;2026-02-04T06:39:53+01:00
2026-02-03T02:00:00+01:00;2026-02-03T03:00:00+01:00;KWH 60 Forbruk;2,723;kWh;Målt;2026-02-04T06:39:53+01:00
2026-02-03T03:00:00+01:00;2026-02-03T04:00:00+01:00;KWH 60 Forbruk;1,856;kWh;Målt;2026-02-04T06:39:53+01:00
2026-02-03T04:00:00+01:00;2026-02-03T05:00:00+01:00;KWH 60 Forbruk;2,021;kWh;Målt;2026-02-04T06:39:53+01:00
2026-02-03T05:00:00+01:00;2026-02-03T06:00:00+01:00;KWH 60 Forbruk;2,244;kWh;Målt;2026-02-04T06:39:53+01:00
2026-02-03T06:00:00+01:00;2026-02-03T07:00:00+01:00;KWH 60 Forbruk;2,423;kWh;Målt;2026-02-04T06:39:53+01:00
2026-02-03T07:00:00+01:00;2026-02-03T08:00:00+01:00;KWH 60 Forbruk;2,179;kWh;Målt;2026-02-04T06:39:53+01:00
2026-02-03T08:00:00+01:00;2026-02-03T09:00:00+01:00;KWH 60 Forbruk;4,495;kWh;Målt;2026-02-04T06:39:53+01:00
2026-02-03T09:00:00+01:00;2026-02-03T10:00:00+01:00;KWH 60 Forbruk;5,477;kWh;Målt;2026-02-04T06:39:53+01:00
2026-02-03T10:00:00+01:00;2026-02-03T11:00:00+01:00;KWH 60 Forbruk;3,015;kWh;Målt;2026-02-04T06:39:53+01:00
2026-02-03T11:00:00+01:00;2026-02-03T12:00:00+01:00;KWH 60 Forbruk;3,451;kWh;Målt;2026-02-04T06:39:53+01:00
2026-02-03T12:00:00+01:00;2026-02-03T13:00:00+01:00;KWH 60 Forbruk;3,429;kWh;Målt;2026-02-04T06:39:53+01:00
2026-02-03T13:00:00+01:00;2026-02-03T14:00:00+01:00;KWH 60 Forbruk;2,704;kWh;Målt;2026-02-04T06:39:53+01:00
2026-02-03T14:00:00+01:00;2026-02-03T15:00:00+01:00;KWH 60 Forbruk;3,103;kWh;Målt;2026-02-04T06:39:53+01:00
2026-02-03T15:00:00+01:00;2026-02-03T16:00:00+01:00;KWH 60 Forbruk;2,936;kWh;Målt;2026-02-04T06:39:53+01:00
2026-02-03T16:00:00+01:00;2026-02-03T17:00:00+01:00;KWH 60 Forbruk;3,777;kWh;Målt;2026-02-04T06:39:53+01:00
2026-02-03T17:00:00+01:00;2026-02-03T18:00:00+01:00;KWH 60 Forbruk;3,260;kWh;Målt;2026-02-04T06:39:53+01:00
2026-02-03T18:00:00+01:00;2026-02-03T19:00:00+01:00;KWH 60 Forbruk;3,663;kWh;Målt;2026-02-04T06:39:53+01:00
2026-02-03T19:00:00+01:00;2026-02-03T20:00:00+01:00;KWH 60 Forbruk;4,541;kWh;Målt;2026-02-04T06:39:53+01:00
2026-02-03T20:00:00+01:00;2026-02-03T21:00:00+01:00;KWH 60 Forbruk;1,889;kWh;Målt;2026-02-04T06:39:53+01:00
2026-02-03T21:00:00+01:00;2026-02-03T22:00:00+01:00;KWH 60 Forbruk;2,034;kWh;Målt;2026-02-04T06:39:53+01:00
2026-02-03T22:00:00+01:00;2026-02-03T23:00:00+01:00;KWH 60 Forbruk;1,204;kWh;Målt;2026-02-04T06:39:53+01:00
2026-02-03T23:00:00+01:00;2026-02-04T00:00:00+01:00;KWH 60 Forbruk;2,285;kWh;Målt;2026-02-04T06:39:53+01:00
2026-02-04T00:00:00+01:00;2026-02-04T01:00:00+01:00;KWH 60 Forbruk;1,723;kWh;Målt;2026-02-05T06:24:33+01:00
2026-02-04T01:00:00+01:00;2026-02-04T02:00:00+01:00;KWH 60 Forbruk;1,837;kWh;Målt;2026-02-05T06:24:33+01:00
2026-02-04T02:00:00+01:00;2026-02-04T03:00:00+01:00;KWH 60 Forbruk;2,022;kWh;Målt;2026-02-05T06:24:33+01:00
2026-02-04T03:00:00+01:00;2026-02-04T04:00:00+01:00;KWH 60 Forbruk;2,560;kWh;Målt;2026-02-05T06:24:33+01:00
2026-02-04T04:00:00+01:00;2026-02-04T05:00:00+01:00;KWH 60 Forbruk;1,945;kWh;Målt;2026-02-05T06:24:33+01:00
2026-02-04T05:00:00+01:00;2026-02-04T06:00:00+01:00;KWH 60 Forbruk;2,793;kWh;Målt;2026-02-05T06:24:33+01:00
2026-02-04T06:00:00+01:00;2026-02-04T07:00:00+01:00;KWH 60 Forbruk;1,891;kWh;Målt;2026-02-05T06:24:33+01:00
2026-02-04T07:00:00+01:00;2026-02-04T08:00:00+01:00;KWH 60 Forbruk;2,317;kWh;Målt;2026-02-05T06:24:33+01:00
2026-02-04T08:00:00+01:00;2026-02-04T09:00:00+01:00;KWH 60 Forbruk;5,278;kWh;Målt;2026-02-05T06:24:33+01:00
2026-02-04T09:00:00+01:00;2026-02-04T10:00:00+01:00;KWH 60 Forbruk;4,662;kWh;Målt;2026-02-05T06:24:33+01:00
2026-02-04T10:00:00+01:00;2026-02-04T11:00:00+01:00;KWH 60 Forbruk;3,322;kWh;Målt;2026-02-05T06:24:33+01:00
2026-02-04T11:00:00+01:00;2026-02-04T12:00:00+01:00;KWH 60 Forbruk;3,558;kWh;Målt;2026-02-05T06:24:33+01:00
2026-02-04T12:00:00+01:00;2026-02-04T13:00:00+01:00;KWH 60 Forbruk;3,053;kWh;Målt;2026-02-05T06:24:33+01:00
2026-02-04T13:00:00+01:00;2026-02-04T14:00:00+01:00;KWH 60 Forbruk;3,464;kWh;Målt;2026-02-05T06:24:33+01:00
2026-02-04T14:00:00+01:00;2026-02-04T15:00:00+01:00;KWH 60 Forbruk;2,786;kWh;Målt;2026-02-05T06:24:33+01:00
2026-02-04T15:00:00+01:00;2026-02-04T16:00:00+01:00;KWH 60 Forbruk;2,961;kWh;Målt;2026-02-05T06:24:33+01:00
2026-02-04T16:00:00+01:00;2026-02-04T17:00:00+01:00;KWH 60 Forbruk;4,089;kWh;Målt;2026-02-05T06:24:33+01:00
2026-02-04T17:00:00+01:00;2026-02-04T18:00:00+01:00;KWH 60 Forbruk;2,518;kWh;Målt;2026-02-05T06:24:33+01:00
2026-02-04T18:00:00+01:00;2026-02-04T19:00:00+01:00;KWH 60 Forbruk;5,216;kWh;Målt;2026-02-05T06:24:33+01:00
2026-02-04T19:00:00+01:00;2026-02-04T20:00:00+01:00;KWH 60 Forbruk;4,225;kWh;Målt;2026-02-05T06:24:33+01:00
2026-02-04T20:00:00+01:00;2026-02-04T21:00:00+01:00;KWH 60 Forbruk;1,062;kWh;Målt;2026-02-05T06:24:33+01:00
2026-02-04T21:00:00+01:00;2026-02-04T22:00:00+01:00;KWH 60 Forbruk;1,132;kWh;Målt;2026-02-05T06:24:33+01:00
2026-02-04T22:00:00+01:00;2026-02-04T23:00:00+01:00;KWH 60 Forbruk;1,453;kWh;Målt;2026-02-05T06:24:33+01:00
2026-02-04T23:00:00+01:00;2026-02-05T00:00:00+01:00;KWH 60 Forbruk;1,676;kWh;Målt;2026-02-05T06:24:33+01:00
2026-02-05T00:00:00+01:00;2026-02-05T01:00:00+01:00;KWH 60 Forbruk;1,852;kWh;Målt;2026-02-06T06:40:26+01:00
2026-02-05T01:00:00+01:00;2026-02-05T02:00:00+01:00;KWH 60 Forbruk;2,066;kWh;Målt;2026-02-06T06:40:26+01:00
2026-02-05T02:00:00+01:00;2026-02-05T03:00:00+01:00;KWH 60 Forbruk;1,872;kWh;Målt;2026-02-06T06:40:26+01:00
2026-02-05T03:00:00+01:00;2026-02-05T04:00:00+01:00;KWH 60 Forbruk;1,853;kWh;Målt;2026-02-06T06:40:26+01:00
2026-02-05T04:00:00+01:00;2026-02-05T05:00:00+01:00;KWH 60 Forbruk;2,544;kWh;Målt;2026-02-06T06:40:26+01:00
2026-02-05T05:00:00+01:00;2026-02-05T06:00:00+01:00;KWH 60 Forbruk;1,997;kWh;Målt;2026-02-06T06:40:26+01:00
2026-02-05T06:00:00+01:00;2026-02-05T07:00:00+01:00;KWH 60 Forbruk;1,924;kWh;Målt;2026-02-06T06:40:26+01:00
2026-02-05T07:00:00+01:00;2026-02-05T08:00:00+01:00;KWH 60 Forbruk;2,871;kWh;Målt;2026-02-06T06:40:26+01:00
2026-02-05T08:00:00+01:00;2026-02-05T09:00:00+01:00;KWH 60 Forbruk;5,012;kWh;Målt;2026-02-06T06:40:26+01:00
2026-02-05T09:00:00+01:00;2026-02-05T10:00:00+01:00;KWH 60 Forbruk;4,901;kWh;Målt;2026-02-06T06:40:26+01:00
2026-02-05T10:00:00+01:00;2026-02-05T11:00:00+01:00;KWH 60 Forbruk;3,237;kWh;Målt;2026-02-06T06:40:26+01:00
2026-02-05T11:00:00+01:00;2026-02-05T12:00:00+01:00;KWH 60 Forbruk;2,166;kWh;Målt;2026-02-06T06:40:26+01:00
2026-02-05T12:00:00+01:00;2026-02-05T13:00:00+01:00;KWH 60 Forbruk;3,124;kWh;Målt;2026-02-06T06:40:26+01:00
2026-02-05T13:00:00+01:00;2026-02-05T14:00:00+01:00;KWH 60 Forbruk;3,133;kWh;Målt;2026-02-06T06:40:26+01:00
2026-02-05T14:00:00+01:00;2026-02-05T15:00:00+01:00;KWH 60 Forbruk;3,405;kWh;Målt;2026-02-06T06:40:26+01:00
2026-02-05T15:00:00+01:00;2026-02-05T16:00:00+01:00;KWH 60 Forbruk;3,093;kWh;Målt;2026-02-06T06:40:26+01:00
2026-02-05T16:00:00+01:00;2026-02-05T17:00:00+01:00;KWH 60 Forbruk;1,924;kWh;Målt;2026-02-06T06:40:26+01:00
2026-02-05T17:00:00+01:00;2026-02-05T18:00:00+01:00;KWH 60 Forbruk;2,425;kWh;Målt;2026-02-06T06:40:26+01:00
2026-02-05T18:00:00+01:00;2026-02-05T19:00:00+01:00;KWH 60 Forbruk;2,099;kWh;Målt;2026-02-06T06:40:26+01:00
2026-02-05T19:00:00+01:00;2026-02-05T20:00:00+01:00;KWH 60 Forbruk;2,689;kWh;Målt;2026-02-06T06:40:26+01:00
2026-02-05T20:00:00+01:00;2026-02-05T21:00:00+01:00;KWH 60 Forbruk;1,532;kWh;Målt;2026-02-06T06:40:26+01:00
2026-02-05T21:00:00+01:00;2026-02-05T22:00:00+01:00;KWH 60 Forbruk;1,667;kWh;Målt;2026-02-06T06:40:26+01:00
2026-02-05T22:00:00+01:00;2026-02-05T23:00:00+01:00;KWH 60 Forbruk;2,163;kWh;Målt;2026-02-06T06:40:26+01:00
2026-02-05T23:00:00+01:00;2026-02-06T00:00:00+01:00;KWH 60 Forbruk;1,929;kWh;Målt;2026-02-06T06:40:26+01:00
2026-02-06T00:00:00+01:00;2026-02-06T01:00:00+01:00;KWH 60 Forbruk;2,099;kWh;Målt;2026-02-07T18:46:04+01:00
2026-02-06T01:00:00+01:00;2026-02-06T02:00:00+01:00;KWH 60 Forbruk;2,657;kWh;Målt;2026-02-07T18:46:04+01:00
2026-02-06T02:00:00+01:00;2026-02-06T03:00:00+01:00;KWH 60 Forbruk;2,264;kWh;Målt;2026-02-07T18:46:04+01:00
2026-02-06T03:00:00+01:00;2026-02-06T04:00:00+01:00;KWH 60 Forbruk;2,107;kWh;Målt;2026-02-07T18:46:04+01:00
2026-02-06T04:00:00+01:00;2026-02-06T05:00:00+01:00;KWH 60 Forbruk;2,899;kWh;Målt;2026-02-07T18:46:04+01:00
2026-02-06T05:00:00+01:00;2026-02-06T06:00:00+01:00;KWH 60 Forbruk;2,414;kWh;Målt;2026-02-07T18:46:04+01:00
2026-02-06T06:00:00+01:00;2026-02-06T07:00:00+01:00;KWH 60 Forbruk;2,747;kWh;Målt;2026-02-07T18:46:04+01:00
2026-02-06T07:00:00+01:00;2026-02-06T08:00:00+01:00;KWH 60 Forbruk;3,317;kWh;Målt;2026-02-07T18:46:04+01:00
2026-02-06T08:00:00+01:00;2026-02-06T09:00:00+01:00;KWH 60 Forbruk;5,909;kWh;Målt;2026-02-07T18:46:04+01:00
2026-02-06T09:00:00+01:00;2026-02-06T10:00:00+01:00;KWH 60 Forbruk;3,568;kWh;Målt;2026-02-07T18:46:04+01:00
2026-02-06T10:00:00+01:00;2026-02-06T11:00:00+01:00;KWH 60 Forbruk;2,802;kWh;Målt;2026-02-07T18:46:04+01:00
2026-02-06T11:00:00+01:00;2026-02-06T12:00:00+01:00;KWH 60 Forbruk;2,237;kWh;Målt;2026-02-07T18:46:04+01:00
2026-02-06T12:00:00+01:00;2026-02-06T13:00:00+01:00;KWH 60 Forbruk;3,274;kWh;Målt;2026-02-07T18:46:04+01:00
2026-02-06T13:00:00+01:00;2026-02-06T14:00:00+01:00;KWH 60 Forbruk;2,747;kWh;Målt;2026-02-07T18:46:04+01:00
2026-02-06T14:00:00+01:00;2026-02-06T15:00:00+01:00;KWH 60 Forbruk;2,959;kWh;Målt;2026-02-07T18:46:04+01:00
2026-02-06T15:00:00+01:00;2026-02-06T16:00:00+01:00;KWH 60 Forbruk;2,461;kWh;Målt;2026-02-07T18:46:04+01:00
2026-02-06T16:00:00+01:00;2026-02-06T17:00:00+01:00;KWH 60 Forbruk;3,938;kWh;Målt;2026-02-07T18:46:04+01:00
2026-02-06T17:00:00+01:00;2026-02-06T18:00:00+01:00;KWH 60 Forbruk;2,719;kWh;Målt;2026-02-07T18:46:04+01:00
2026-02-06T18:00:00+01:00;2026-02-06T19:00:00+01:00;KWH 60 Forbruk;4,001;kWh;Målt;2026-02-07T18:46:04+01:00
2026-02-06T19:00:00+01:00;2026-02-06T20:00:00+01:00;KWH 60 Forbruk;3,058;kWh;Målt;2026-02-07T18:46:04+01:00
2026-02-06T20:00:00+01:00;2026-02-06T21:00:00+01:00;KWH 60 Forbruk;3,105;kWh;Målt;2026-02-07T18:46:04+01:00
2026-02-06T21:00:00+01:00;2026-02-06T22:00:00+01:00;KWH 60 Forbruk;1,933;kWh;Målt;2026-02-07T18:46:04+01:00
2026-02-06T22:00:00+01:00;2026-02-06T23:00:00+01:00;KWH 60 Forbruk;1,074;kWh;Målt;2026-02-07T18:46:04+01:00
2026-02-06T23:00:00+01:00;2026-02-07T00:00:00+01:00;KWH 60 Forbruk;1,601;kWh;Målt;2026-02-07T18:46:04+01:00
2026-02-07T00:00:00+01:00;2026-02-07T01:00:00+01:00;KWH 60 Forbruk;1,965;kWh;Målt;2026-02-08T06:35:18+01:00
2026-02-07T01:00:00+01:00;2026-02-07T02:00:00+01:00;KWH 60 Forbruk;2,499;kWh;Målt;2026-02-08T06:35:18+01:00
2026-02-07T02:00:00+01:00;2026-02-07T03:00:00+01:00;KWH 60 Forbruk;1,932;kWh;Målt;2026-02-08T06:35:18+01:00
2026-02-07T03:00:00+01:00;2026-02-07T04:00:00+01:00;KWH 60 Forbruk;1,980;kWh;Målt;2026-02-08T06:35:18+01:00
2026-02-07T04:00:00+01:00;2026-02-07T05:00:00+01:00;KWH 60 Forbruk;2,487;kWh;Målt;2026-02-08T06:35:18+01:00
2026-02-07T05:00:00+01:00;2026-02-07T06:00:00+01:00;KWH 60 Forbruk;2,162;kWh;Målt;2026-02-08T06:35:18+01:00
2026-02-07T06:00:00+01:00;2026-02-07T07:00:00+01:00;KWH 60 Forbruk;1,904;kWh;Målt;2026-02-08T06:35:18+01:00
2026-02-07T07:00:00+01:00;2026-02-07T08:00:00+01:00;KWH 60 Forbruk;2,166;kWh;Målt;2026-02-08T06:35:18+01:00
2026-02-07T08:00:00+01:00;2026-02-07T09:00:00+01:00;KWH 60 Forbruk;2,767;kWh;Målt;2026-02-08T06:35:18+01:00
2026-02-07T09:00:00+01:00;2026-02-07T10:00:00+01:00;KWH 60 Forbruk;4,039;kWh;Målt;2026-02-08T06:35:18+01:00
2026-02-07T10:00:00+01:00;2026-02-07T11:00:00+01:00;KWH 60 Forbruk;3,345;kWh;Målt;2026-02-08T06:35:18+01:00
2026-02-07T11:00:00+01:00;2026-02-07T12:00:00+01:00;KWH 60 Forbruk;2,501;kWh;Målt;2026-02-08T06:35:18+01:00
2026-02-07T12:00:00+01:00;2026-02-07T13:00:00+01:00;KWH 60 Forbruk;2,832;kWh;Målt;2026-02-08T06:35:18+01:00
2026-02-07T13:00:00+01:00;2026-02-07T14:00:00+01:00;KWH 60 Forbruk;3,586;kWh;Målt;2026-02-08T06:35:18+01:00
2026-02-07T14:00:00+01:00;2026-02-07T15:00:00+01:00;KWH 60 Forbruk;2,810;kWh;Målt;2026-02-08T06:35:18+01:00
2026-02-07T15:00:00+01:00;2026-02-07T16:00:00+01:00;KWH 60 Forbruk;1,904;kWh;Målt;2026-02-08T06:35:18+01:00
2026-02-07T16:00:00+01:00;2026-02-07T17:00:00+01:00;KWH 60 Forbruk;2,543;kWh;Målt;2026-02-08T06:35:18+01:00
2026-02-07T17:00:00+01:00;2026-02-07T18:00:00+01:00;KWH 60 Forbruk;2,866;kWh;Målt;2026-02-08T06:35:18+01:00
2026-02-07T18:00:00+01:00;2026-02-07T19:00:00+01:00;KWH 60 Forbruk;2,961;kWh;Målt;2026-02-08T06:35:18+01:00
2026-02-07T19:00:00+01:00;2026-02-07T20:00:00+01:00;KWH 60 Forbruk;2,901;kWh;Målt;2026-02-08T06:35:18+01:00
2026-02-07T20:00:00+01:00;2026-02-07T21:00:00+01:00;KWH 60 Forbruk;1,741;kWh;Målt;2026-02-08T06:35:18+01:00
2026-02-07T21:00:00+01:00;2026-02-07T22:00:00+01:00;KWH 60 Forbruk;1,539;kWh;Målt;2026-02-08T06:35:18+01:00
2026-02-07T22:00:00+01:00;2026-02-07T23:00:00+01:00;KWH 60 Forbruk;1,099;kWh;Målt;2026-02-08T06:35:18+01:00
2026-02-07T23:00:00+01:00;2026-02-08T00:00:00+01:00;KWH 60 Forbruk;1,757;kWh;Målt;2026-02-08T06:35:18+01:00
2026-02-08T00:00:00+01:00;2026-02-08T01:00:00+01:00;KWH 60 Forbruk;1,116;kWh;Målt;2026-02-09T06:36:00+01:00
2026-02-08T01:00:00+01:00;2026-02-08T02:00:00+01:00;KWH 60 Forbruk;1,753;kWh;Målt;2026-02-09T06:36:00+01:00
2026-02-08T02:00:00+01:00;2026-02-08T03:00:00+01:00;KWH 60 Forbruk;1,544;kWh;Målt;2026-02-09T06:36:00+01:00
2026-02-08T03:00:00+01:00;2026-02-08T04:00:00+01:00;KWH 60 Forbruk;1,402;kWh;Målt;2026-02-09T06:36:00+01:00
2026-02-08T04:00:00+01:00;2026-02-08T05:00:00+01:00;KWH 60 Forbruk;1,579;kWh;Målt;2026-02-09T06:36:00+01:00
2026-02-08T05:00:00+01:00;2026-02-08T06:00:00+01:00;KWH 60 Forbruk;2,239;kWh;Målt;2026-02-09T06:36:00+01:00
2026-02-08T06:00:00+01:00;2026-02-08T07:00:00+01:00;KWH 60 Forbruk;2,119;kWh;Målt;2026-02-09T06:36:00+01:00
2026-02-08T07:00:00+01:00;2026-02-08T08:00:00+01:00;KWH 60 Forbruk;2,275;kWh;Målt;2026-02-09T06:36:00+01:00
2026-02-08T08:00:00+01:00;2026-02-08T09:00:00+01:00;KWH 60 Forbruk;3,126;kWh;Målt;2026-02-09T06:36:00+01:00
2026-02-08T09:00:00+01:00;2026-02-08T10:00:00+01:00;KWH 60 Forbruk;2,063;kWh;Målt;2026-02-09T06:36:00+01:00
2026-02-08T10:00:00+01:00;2026-02-08T11:00:00+01:00;KWH 60 Forbruk;3,634;kWh;Målt;2026-02-09T06:36:00+01:00
2026-02-08T11:00:00+01:00;2026-02-08T12:00:00+01:00;KWH 60 Forbruk;4,095;kWh;Målt;2026-02-09T06:36:00+01:00
2026-02-08T12:00:00+01:00;2026-02-08T13:00:00+01:00;KWH 60 Forbruk;3,748;kWh;Målt;2026-02-09T06:36:00+01:00
2026-02-08T13:00:00+01:00;2026-02-08T14:00:00+01:00;KWH 60 Forbruk;1,921;kWh;Målt;2026-02-09T06:36:00+01:00
2026-02-08T14:00:00+01:00;2026-02-08T15:00:00+01:00;KWH 60 Forbruk;2,851;kWh;Målt;2026-02-09T06:36:00+01:00
2026-02-08T15:00:00+01:00;2026-02-08T16:00:00+01:00;KWH 60 Forbruk;2,080;kWh;Målt;2026-02-09T06:36:00+01:00
2026-02-08T16:00:00+01:00;2026-02-08T17:00:00+01:00;KWH 60 Forbruk;2,332;kWh;Målt;2026-02-09T06:36:00+01:00
2026-02-08T17:00:00+01:00;2026-02-08T18:00:00+01:00;KWH 60 Forbruk;2,913;kWh;Målt;2026-02-09T06:36:00+01:00
2026-02-08T18:00:00+01:00;2026-02-08T19:00:00+01:00;KWH 60 Forbruk;2,405;kWh;Målt;2026-02-09T06:36:00+01:00
2026-02-08T19:00:00+01:00;2026-02-08T20:00:00+01:00;KWH 60 Forbruk;3,117;kWh;Målt;2026-02-09T06:36:00+01:00
2026-02-08T20:00:00+01:00;2026-02-08T21:00:00+01:00;KWH 60 Forbruk;2,055;kWh;Målt;2026-02-09T06:36:00+01:00
2026-02-08T21:00:00+01:00;2026-02-08T22:00:00+01:00;KWH 60 Forbruk;1,200;kWh;Målt;2026-02-09T06:36:00+01:00
2026-02-08T22:00:00+01:00;2026-02-08T23:00:00+01:00;KWH 60 Forbruk;0,931;kWh;Målt;2026-02-09T06:36:00+01:00
2026-02-08T23:00:00+01:00;2026-02-09T00:00:00+01:00;KWH 60 Forbruk;1,586;kWh;Målt;2026-02-09T06:36:00+01:00
2026-02-09T00:00:00+01:00;2026-02-09T01:00:00+01:00;KWH 60 Forbruk;2,036;kWh;Målt;2026-02-10T12:53:13+01:00
2026-02-09T01:00:00+01:00;2026-02-09T02:00:00+01:00;KWH 60 Forbruk;2,351;kWh;Målt;2026-02-10T12:53:13+01:00
2026-02-09T02:00:00+01:00;2026-02-09T03:00:00+01:00;KWH 60 Forbruk;2,552;kWh;Målt;2026-02-10T12:53:13+01:00
2026-02-09T03:00:00+01:00;2026-02-09T04:00:00+01:00;KWH 60 Forbruk;1,975;kWh;Målt;2026-02-10T12:53:13+01:00
2026-02-09T04:00:00+01:00;2026-02-09T05:00:00+01:00;KWH 60 Forbruk;1,830;kWh;Målt;2026-02-10T12:53:13+01:00
2026-02-09T05:00:00+01:00;2026-02-09T06:00:00+01:00;KWH 60 Forbruk;1,987;kWh;Målt;2026-02-10T12:53:13+01:00
2026-02-09T06:00:00+01:00;2026-02-09T07:00:00+01:00;KWH 60 Forbruk;2,560;kWh;Målt;2026-02-10T12:53:13+01:00
2026-02-09T07:00:00+01:00;2026-02-09T08:00:00+01:00;KWH 60 Forbruk;2,253;kWh;Målt;2026-02-10T12:53:13+01:00
2026-02-09T08:00:00+01:00;2026-02-09T09:00:00+01:00;KWH 60 Forbruk;2,749;kWh;Målt;2026-02-10T12:53:13+01:00
2026-02-09T09:00:00+01:00;2026-02-09T10:00:00+01:00;KWH 60 Forbruk;4,457;kWh;Målt;2026-02-10T12:53:13+01:00
2026-02-09T10:00:00+01:00;2026-02-09T11:00:00+01:00;KWH 60 Forbruk;1,870;kWh;Målt;2026-02-10T12:53:13+01:00
2026-02-09T11:00:00+01:00;2026-02-09T12:00:00+01:00;KWH 60 Forbruk;1,788;kWh;Målt;2026-02-10T12:53:13+01:00
2026-02-09T12:00:00+01:00;2026-02-09T13:00:00+01:00;KWH 60 Forbruk;2,284;kWh;Målt;2026-02-10T12:53:13+01:00
2026-02-09T13:00:00+01:00;2026-02-09T14:00:00+01:00;KWH 60 Forbruk;1,684;kWh;Målt;2026-02-10T12:53:13+01:00
2026-02-09T14:00:00+01:00;2026-02-09T15:00:00+01:00;KWH 60 Forbruk;3,770;kWh;Målt;2026-02-10T12:53:13+01:00
2026-02-09T15:00:00+01:00;2026-02-09T16:00:00+01:00;KWH 60 Forbruk;5,095;kWh;Målt;2026-02-10T12:53:13+01:00
2026-02-09T16:00:00+01:00;2026-02-09T17:00:00+01:00;KWH 60 Forbruk;2,610;kWh;Målt;2026-02-10T12:53:13+01:00
2026-02-09T17:00:00+01:00;2026-02-09T18:00:00+01:00;KWH 60 Forbruk;2,055;kWh;Målt;2026-02-10T12:53:13+01:00
2026-02-09T18:00:00+01:00;2026-02-09T19:00:00+01:00;KWH 60 Forbruk;3,291;kWh;Målt;2026-02-10T12:53:13+01:00
2026-02-09T19:00:00+01:00;2026-02-09T20:00:00+01:00;KWH 60 Forbruk;1,833;kWh;Målt;2026-02-10T12:53:13+01:00
2026-02-09T20:00:00+01:00;2026-02-09T21:00:00+01:00;KWH 60 Forbruk;2,131;kWh;Målt;2026-02-10T12:53:13+01:00
2026-02-09T21:00:00+01:00;2026-02-09T22:00:00+01:00;KWH 60 Forbruk;1,915;kWh;Målt;2026-02-10T12:53:13+01:00
2026-02-09T22:00:00+01:00;2026-02-09T23:00:00+01:00;KWH 60 Forbruk;1,326;kWh;Målt;2026-02-10T12:53:13+01:00
2026-02-09T23:00:00+01:00;2026-02-10T00:00:00+01:00;KWH 60 Forbruk;2,061;kWh;Målt;2026-02-10T12:53:13+01:00
2026-02-10T00:00:00+01:00;2026-02-10T01:00:00+01:00;KWH 60 Forbruk;1,681;kWh;Målt;2026-02-11T06:20:27+01:00
2026-02-10T01:00:00+01:00;2026-02-10T02:00:00+01:00;KWH 60 Forbruk;1,929;kWh;Målt;2026-02-11T06:20:27+01:00
2026-02-10T02:00:00+01:00;2026-02-10T03:00:00+01:00;KWH 60 Forbruk;1,842;kWh;Målt;2026-02-11T06:20:27+01:00
2026-02-10T03:00:00+01:00;2026-02-10T04:00:00+01:00;KWH 60 Forbruk;2,681;kWh;Målt;2026-02-11T06:20:27+01:00
2026-02-10T04:00:00+01:00;2026-02-10T05:00:00+01:00;KWH 60 Forbruk;1,967;kWh;Målt;2026-02-11T06:20:27+01:00
2026-02-10T05:00:00+01:00;2026-02-10T06:00:00+01:00;KWH 60 Forbruk;1,869;kWh;Målt;2026-02-11T06:20:27+01:00
2026-02-10T06:00:00+01:00;2026-02-10T07:00:00+01:00;KWH 60 Forbruk;2,828;kWh;Målt;2026-02-11T06:20:27+01:00
2026-02-10T07:00:00+01:00;2026-02-10T08:00:00+01:00;KWH 60 Forbruk;2,184;kWh;Målt;2026-02-11T06:20:27+01:00
2026-02-10T08:00:00+01:00;2026-02-10T09:00:00+01:00;KWH 60 Forbruk;3,765;kWh;Målt;2026-02-11T06:20:27+01:00
2026-02-10T09:00:00+01:00;2026-02-10T10:00:00+01:00;KWH 60 Forbruk;3,464;kWh;Målt;2026-02-11T06:20:27+01:00
2026-02-10T10:00:00+01:00;2026-02-10T11:00:00+01:00;KWH 60 Forbruk;2,443;kWh;Målt;2026-02-11T06:20:27+01:00
2026-02-10T11:00:00+01:00;2026-02-10T12:00:00+01:00;KWH 60 Forbruk;2,025;kWh;Målt;2026-02-11T06:20:27+01:00
2026-02-10T12:00:00+01:00;2026-02-10T13:00:00+01:00;KWH 60 Forbruk;2,519;kWh;Målt;2026-02-11T06:20:27+01:00
2026-02-10T13:00:00+01:00;2026-02-10T14:00:00+01:00;KWH 60 Forbruk;1,919;kWh;Målt;2026-02-11T06:20:27+01:00
2026-02-10T14:00:00+01:00;2026-02-10T15:00:00+01:00;KWH 60 Forbruk;1,494;kWh;Målt;2026-02-11T06:20:27+01:00
2026-02-10T15:00:00+01:00;2026-02-10T16:00:00+01:00;KWH 60 Forbruk;2,057;kWh;Målt;2026-02-11T06:20:27+01:00
2026-02-10T16:00:00+01:00;2026-02-10T17:00:00+01:00;KWH 60 Forbruk;5,733;kWh;Målt;2026-02-11T06:20:27+01:00
2026-02-10T17:00:00+01:00;2026-02-10T18:00:00+01:00;KWH 60 Forbruk;2,777;kWh;Målt;2026-02-11T06:20:27+01:00
2026-02-10T18:00:00+01:00;2026-02-10T19:00:00+01:00;KWH 60 Forbruk;3,625;kWh;Målt;2026-02-11T06:20:27+01:00
2026-02-10T19:00:00+01:00;2026-02-10T20:00:00+01:00;KWH 60 Forbruk;4,085;kWh;Målt;2026-02-11T06:20:27+01:00
2026-02-10T20:00:00+01:00;2026-02-10T21:00:00+01:00;KWH 60 Forbruk;4,117;kWh;Målt;2026-02-11T06:20:27+01:00
2026-02-10T21:00:00+01:00;2026-02-10T22:00:00+01:00;KWH 60 Forbruk;3,870;kWh;Målt;2026-02-11T06:20:27+01:00
2026-02-10T22:00:00+01:00;2026-02-10T23:00:00+01:00;KWH 60 Forbruk;3,069;kWh;Målt;2026-02-11T06:20:27+01:00
2026-02-10T23:00:00+01:00;2026-02-11T00:00:00+01:00;KWH 60 Forbruk;1,627;kWh;Målt;2026-02-11T06:20:27+01:00
2026-02-11T00:00:00+01:00;2026-02-11T01:00:00+01:00;KWH 60 Forbruk;2,837;kWh;Målt;2026-02-12T06:37:13+01:00
2026-02-11T01:00:00+01:00;2026-02-11T02:00:00+01:00;KWH 60 Forbruk;1,871;kWh;Målt;2026-02-12T06:37:13+01:00
2026-02-11T02:00:00+01:00;2026-02-11T03:00:00+01:00;KWH 60 Forbruk;2,275;kWh;Målt;2026-02-12T06:37:13+01:00
2026-02-11T03:00:00+01:00;2026-02-11T04:00:00+01:00;KWH 60 Forbruk;2,028;kWh;Målt;2026-02-12T06:37:13+01:00
2026-02-11T04:00:00+01:00;2026-02-11T05:00:00+01:00;KWH 60 Forbruk;2,583;kWh;Målt;2026-02-12T06:37:13+01:00
2026-02-11T05:00:00+01:00;2026-02-11T06:00:00+01:00;KWH 60 Forbruk;2,287;kWh;Målt;2026-02-12T06:37:13+01:00
2026-02-11T06:00:00+01:00;2026-02-11T07:00:00+01:00;KWH 60 Forbruk;1,997;kWh;Målt;2026-02-12T06:37:13+01:00
2026-02-11T07:00:00+01:00;2026-02-11T08:00:00+01:00;KWH 60 Forbruk;3,027;kWh;Målt;2026-02-12T06:37:13+01:00
2026-02-11T08:00:00+01:00;2026-02-11T09:00:00+01:00;KWH 60 Forbruk;2,324;kWh;Målt;2026-02-12T06:37:13+01:00
2026-02-11T09:00:00+01:00;2026-02-11T10:00:00+01:00;KWH 60 Forbruk;3,758;kWh;Målt;2026-02-12T06:37:13+01:00
2026-02-11T10:00:00+01:00;2026-02-11T11:00:00+01:00;KWH 60 Forbruk;3,549;kWh;Målt;2026-02-12T06:37:13+01:00
2026-02-11T11:00:00+01:00;2026-02-11T12:00:00+01:00;KWH 60 Forbruk;3,317;kWh;Målt;2026-02-12T06:37:13+01:00
2026-02-11T12:00:00+01:00;2026-02-11T13:00:00+01:00;KWH 60 Forbruk;4,017;kWh;Målt;2026-02-12T06:37:13+01:00
2026-02-11T13:00:00+01:00;2026-02-11T14:00:00+01:00;KWH 60 Forbruk;2,845;kWh;Målt;2026-02-12T06:37:13+01:00
2026-02-11T14:00:00+01:00;2026-02-11T15:00:00+01:00;KWH 60 Forbruk;2,625;kWh;Målt;2026-02-12T06:37:13+01:00
2026-02-11T15:00:00+01:00;2026-02-11T16:00:00+01:00;KWH 60 Forbruk;2,281;kWh;Målt;2026-02-12T06:37:13+01:00
2026-02-11T16:00:00+01:00;2026-02-11T17:00:00+01:00;KWH 60 Forbruk;1,405;kWh;Målt;2026-02-12T06:37:13+01:00
2026-02-11T17:00:00+01:00;2026-02-11T18:00:00+01:00;KWH 60 Forbruk;3,629;kWh;Målt;2026-02-12T06:37:13+01:00
2026-02-11T18:00:00+01:00;2026-02-11T19:00:00+01:00;KWH 60 Forbruk;2,120;kWh;Målt;2026-02-12T06:37:13+01:00
2026-02-11T19:00:00+01:00;2026-02-11T20:00:00+01:00;KWH 60 Forbruk;1,623;kWh;Målt;2026-02-12T06:37:13+01:00
2026-02-11T20:00:00+01:00;2026-02-11T21:00:00+01:00;KWH 60 Forbruk;1,203;kWh;Målt;2026-02-12T06:37:13+01:00
2026-02-11T21:00:00+01:00;2026-02-11T22:00:00+01:00;KWH 60 Forbruk;1,445;kWh;Målt;2026-02-12T06:37:13+01:00
2026-02-11T22:00:00+01:00;2026-02-11T23:00:00+01:00;KWH 60 Forbruk;1,638;kWh;Målt;2026-02-12T06:37:13+01:00
2026-02-11T23:00:00+01:00;2026-02-12T00:00:00+01:00;KWH 60 Forbruk;1,382;kWh;Målt;2026-02-12T06:37:13+01:00
2026-02-12T00:00:00+01:00;2026-02-12T01:00:00+01:00;KWH 60 Forbruk;2,443;kWh;Målt;2026-02-13T06:31:43+01:00
2026-02-12T01:00:00+01:00;2026-02-12T02:00:00+01:00;KWH 60 Forbruk;1,997;kWh;Målt;2026-02-13T06:31:43+01:00
2026-02-12T02:00:00+01:00;2026-02-12T03:00:00+01:00;KWH 60 Forbruk;1,960;kWh;Målt;2026-02-13T06:31:43+01:00
2026-02-12T03:00:00+01:00;2026-02-12T04:00:00+01:00;KWH 60 Forbruk;2,546;kWh;Målt;2026-02-13T06:31:43+01:00
2026-02-12T04:00:00+01:00;2026-02-12T05:00:00+01:00;KWH 60 Forbruk;2,088;kWh;Målt;2026-02-13T06:31:43+01:00
2026-02-12T05:00:00+01:00;2026-02-12T06:00:00+01:00;KWH 60 Forbruk;1,966;kWh;Målt;2026-02-13T06:31:43+01:00
2026-02-12T06:00:00+01:00;2026-02-12T07:00:00+01:00;KWH 60 Forbruk;2,834;kWh;Målt;2026-02-13T06:31:43+01:00
2026-02-12T07:00:00+01:00;2026-02-12T08:00:00+01:00;KWH 60 Forbruk;2,279;kWh;Målt;2026-02-13T06:31:43+01:00
2026-02-12T08:00:00+01:00;2026-02-12T09:00:00+01:00;KWH 60 Forbruk;2,615;kWh;Målt;2026-02-13T06:31:43+01:00
2026-02-12T09:00:00+01:00;2026-02-12T10:00:00+01:00;KWH 60 Forbruk;4,612;kWh;Målt;2026-02-13T06:31:43+01:00
2026-02-12T10:00:00+01:00;2026-02-12T11:00:00+01:00;KWH 60 Forbruk;4,380;kWh;Målt;2026-02-13T06:31:43+01:00
2026-02-12T11:00:00+01:00;2026-02-12T12:00:00+01:00;KWH 60 Forbruk;3,934;kWh;Målt;2026-02-13T06:31:43+01:00
2026-02-12T12:00:00+01:00;2026-02-12T13:00:00+01:00;KWH 60 Forbruk;2,900;kWh;Målt;2026-02-13T06:31:43+01:00
2026-02-12T13:00:00+01:00;2026-02-12T14:00:00+01:00;KWH 60 Forbruk;2,970;kWh;Målt;2026-02-13T06:31:43+01:00
2026-02-12T14:00:00+01:00;2026-02-12T15:00:00+01:00;KWH 60 Forbruk;2,469;kWh;Målt;2026-02-13T06:31:43+01:00
2026-02-12T15:00:00+01:00;2026-02-12T16:00:00+01:00;KWH 60 Forbruk;2,909;kWh;Målt;2026-02-13T06:31:43+01:00
2026-02-12T16:00:00+01:00;2026-02-12T17:00:00+01:00;KWH 60 Forbruk;1,585;kWh;Målt;2026-02-13T06:31:43+01:00
2026-02-12T17:00:00+01:00;2026-02-12T18:00:00+01:00;KWH 60 Forbruk;3,402;kWh;Målt;2026-02-13T06:31:43+01:00
2026-02-12T18:00:00+01:00;2026-02-12T19:00:00+01:00;KWH 60 Forbruk;2,936;kWh;Målt;2026-02-13T06:31:43+01:00
2026-02-12T19:00:00+01:00;2026-02-12T20:00:00+01:00;KWH 60 Forbruk;2,254;kWh;Målt;2026-02-13T06:31:43+01:00
2026-02-12T20:00:00+01:00;2026-02-12T21:00:00+01:00;KWH 60 Forbruk;1,869;kWh;Målt;2026-02-13T06:31:43+01:00
2026-02-12T21:00:00+01:00;2026-02-12T22:00:00+01:00;KWH 60 Forbruk;1,108;kWh;Målt;2026-02-13T06:31:43+01:00
2026-02-12T22:00:00+01:00;2026-02-12T23:00:00+01:00;KWH 60 Forbruk;1,153;kWh;Målt;2026-02-13T06:31:43+01:00
2026-02-12T23:00:00+01:00;2026-02-13T00:00:00+01:00;KWH 60 Forbruk;1,893;kWh;Målt;2026-02-13T06:31:43+01:00
2026-02-13T00:00:00+01:00;2026-02-13T01:00:00+01:00;KWH 60 Forbruk;1,667;kWh;Målt;2026-02-14T06:29:57+01:00
2026-02-13T01:00:00+01:00;2026-02-13T02:00:00+01:00;KWH 60 Forbruk;1,800;kWh;Målt;2026-02-14T06:29:57+01:00
2026-02-13T02:00:00+01:00;2026-02-13T03:00:00+01:00;KWH 60 Forbruk;2,459;kWh;Målt;2026-02-14T06:29:57+01:00
2026-02-13T03:00:00+01:00;2026-02-13T04:00:00+01:00;KWH 60 Forbruk;1,963;kWh;Målt;2026-02-14T06:29:57+01:00
2026-02-13T04:00:00+01:00;2026-02-13T05:00:00+01:00;KWH 60 Forbruk;1,940;kWh;Målt;2026-02-14T06:29:57+01:00
2026-02-13T05:00:00+01:00;2026-02-13T06:00:00+01:00;KWH 60 Forbruk;2,778;kWh;Målt;2026-02-14T06:29:57+01:00
2026-02-13T06:00:00+01:00;2026-02-13T07:00:00+01:00;KWH 60 Forbruk;2,070;kWh;Målt;2026-02-14T06:29:57+01:00
2026-02-13T07:00:00+01:00;2026-02-13T08:00:00+01:00;KWH 60 Forbruk;3,310;kWh;Målt;2026-02-14T06:29:57+01:00
2026-02-13T08:00:00+01:00;2026-02-13T09:00:00+01:00;KWH 60 Forbruk;3,965;kWh;Målt;2026-02-14T06:29:57+01:00
2026-02-13T09:00:00+01:00;2026-02-13T10:00:00+01:00;KWH 60 Forbruk;3,345;kWh;Målt;2026-02-14T06:29:57+01:00
2026-02-13T10:00:00+01:00;2026-02-13T11:00:00+01:00;KWH 60 Forbruk;2,735;kWh;Målt;2026-02-14T06:29:57+01:00
2026-02-13T11:00:00+01:00;2026-02-13T12:00:00+01:00;KWH 60 Forbruk;3,409;kWh;Målt;2026-02-14T06:29:57+01:00
2026-02-13T12:00:00+01:00;2026-02-13T13:00:00+01:00;KWH 60 Forbruk;2,979;kWh;Målt;2026-02-14T06:29:57+01:00
2026-02-13T13:00:00+01:00;2026-02-13T14:00:00+01:00;KWH 60 Forbruk;3,768;kWh;Målt;2026-02-14T06:29:57+01:00
2026-02-13T14:00:00+01:00;2026-02-13T15:00:00+01:00;KWH 60 Forbruk;2,222;kWh;Målt;2026-02-14T06:29:57+01:00
2026-02-13T15:00:00+01:00;2026-02-13T16:00:00+01:00;KWH 60 Forbruk;5,007;kWh;Målt;2026-02-14T06:29:57+01:00
2026-02-13T16:00:00+01:00;2026-02-13T17:00:00+01:00;KWH 60 Forbruk;4,195;kWh;Målt;2026-02-14T06:29:57+01:00
2026-02-13T17:00:00+01:00;2026-02-13T18:00:00+01:00;KWH 60 Forbruk;3,508;kWh;Målt;2026-02-14T06:29:57+01:00
2026-02-13T18:00:00+01:00;2026-02-13T19:00:00+01:00;KWH 60 Forbruk;3,456;kWh;Målt;2026-02-14T06:29:57+01:00
2026-02-13T19:00:00+01:00;2026-02-13T20:00:00+01:00;KWH 60 Forbruk;2,896;kWh;Målt;2026-02-14T06:29:57+01:00
2026-02-13T20:00:00+01:00;2026-02-13T21:00:00+01:00;KWH 60 Forbruk;1,317;kWh;Målt;2026-02-14T06:29:57+01:00
2026-02-13T21:00:00+01:00;2026-02-13T22:00:00+01:00;KWH 60 Forbruk;2,170;kWh;Målt;2026-02-14T06:29:57+01:00
2026-02-13T22:00:00+01:00;2026-02-13T23:00:00+01:00;KWH 60 Forbruk;1,051;kWh;Målt;2026-02-14T06:29:57+01:00
2026-02-13T23:00:00+01:00;2026-02-14T00:00:00+01:00;KWH 60 Forbruk;1,372;kWh;Målt;2026-02-14T06:29:57+01:00
2026-02-14T00:00:00+01:00;2026-02-14T01:00:00+01:00;KWH 60 Forbruk;2,097;kWh;Målt;2026-02-16T12:48:08+01:00
2026-02-14T01:00:00+01:00;2026-02-14T02:00:00+01:00;KWH 60 Forbruk;1,851;kWh;Målt;2026-02-16T12:48:08+01:00
2026-02-14T02:00:00+01:00;2026-02-14T03:00:00+01:00;KWH 60 Forbruk;1,911;kWh;Målt;2026-02-16T12:48:08+01:00
2026-02-14T03:00:00+01:00;2026-02-14T04:00:00+01:00;KWH 60 Forbruk;2,413;kWh;Målt;2026-02-16T12:48:08+01:00
2026-02-14T04:00:00+01:00;2026-02-14T05:00:00+01:00;KWH 60 Forbruk;2,041;kWh;Målt;2026-02-16T12:48:08+01:00
2026-02-14T05:00:00+01:00;2026-02-14T06:00:00+01:00;KWH 60 Forbruk;1,951;kWh;Målt;2026-02-16T12:48:08+01:00
2026-02-14T06:00:00+01:00;2026-02-14T07:00:00+01:00;KWH 60 Forbruk;2,152;kWh;Målt;2026-02-16T12:48:08+01:00
2026-02-14T07:00:00+01:00;2026-02-14T08:00:00+01:00;KWH 60 Forbruk;2,872;kWh;Målt;2026-02-16T12:48:08+01:00
2026-02-14T08:00:00+01:00;2026-02-14T09:00:00+01:00;KWH 60 Forbruk;2,715;kWh;Målt;2026-02-16T12:48:08+01:00
2026-02-14T09:00:00+01:00;2026-02-14T10:00:00+01:00;KWH 60 Forbruk;3,632;kWh;Målt;2026-02-16T12:48:08+01:00
2026-02-14T10:00:00+01:00;2026-02-14T11:00:00+01:00;KWH 60 Forbruk;4,220;kWh;Målt;2026-02-16T12:48:08+01:00
2026-02-14T11:00:00+01:00;2026-02-14T12:00:00+01:00;KWH 60 Forbruk;2,935;kWh;Målt;2026-02-16T12:48:08+01:00
2026-02-14T12:00:00+01:00;2026-02-14T13:00:00+01:00;KWH 60 Forbruk;2,671;kWh;Målt;2026-02-16T12:48:08+01:00
2026-02-14T13:00:00+01:00;2026-02-14T14:00:00+01:00;KWH 60 Forbruk;2,344;kWh;Målt;2026-02-16T12:48:08+01:00
2026-02-14T14:00:00+01:00;2026-02-14T15:00:00+01:00;KWH 60 Forbruk;3,572;kWh;Målt;2026-02-16T12:48:08+01:00
2026-02-14T15:00:00+01:00;2026-02-14T16:00:00+01:00;KWH 60 Forbruk;4,700;kWh;Målt;2026-02-16T12:48:08+01:00
2026-02-14T16:00:00+01:00;2026-02-14T17:00:00+01:00;KWH 60 Forbruk;2,734;kWh;Målt;2026-02-16T12:48:08+01:00
2026-02-14T17:00:00+01:00;2026-02-14T18:00:00+01:00;KWH 60 Forbruk;2,136;kWh;Målt;2026-02-16T12:48:08+01:00
2026-02-14T18:00:00+01:00;2026-02-14T19:00:00+01:00;KWH 60 Forbruk;2,294;kWh;Målt;2026-02-16T12:48:08+01:00
2026-02-14T19:00:00+01:00;2026-02-14T20:00:00+01:00;KWH 60 Forbruk;2,268;kWh;Målt;2026-02-16T12:48:08+01:00
2026-02-14T20:00:00+01:00;2026-02-14T21:00:00+01:00;KWH 60 Forbruk;1,068;kWh;Målt;2026-02-16T12:48:08+01:00
2026-02-14T21:00:00+01:00;2026-02-14T22:00:00+01:00;KWH 60 Forbruk;1,008;kWh;Målt;2026-02-16T12:48:08+01:00
2026-02-14T22:00:00+01:00;2026-02-14T23:00:00+01:00;KWH 60 Forbruk;1,627;kWh;Målt;2026-02-16T12:48:08+01:00
2026-02-14T23:00:00+01:00;2026-02-15T00:00:00+01:00;KWH 60 Forbruk;1,853;kWh;Målt;2026-02-16T12:48:08+01:00
2026-02-15T00:00:00+01:00;2026-02-15T01:00:00+01:00;KWH 60 Forbruk;1,875;kWh;Målt;2026-02-16T06:18:12+01:00
2026-02-15T01:00:00+01:00;2026-02-15T02:00:00+01:00;KWH 60 Forbruk;1,798;kWh;Målt;2026-02-16T06:18:12+01:00
2026-02-15T02:00:00+01:00;2026-02-15T03:00:00+01:00;KWH 60 Forbruk;1,789;kWh;Målt;2026-02-16T06:18:12+01:00
2026-02-15T03:00:00+01:00;2026-02-15T04:00:00+01:00;KWH 60 Forbruk;2,600;kWh;Målt;2026-02-16T06:18:12+01:00
2026-02-15T04:00:00+01:00;2026-02-15T05:00:00+01:00;KWH 60 Forbruk;1,807;kWh;Målt;2026-02-16T06:18:12+01:00
2026-02-15T05:00:00+01:00;2026-02-15T06:00:00+01:00;KWH 60 Forbruk;2,521;kWh;Målt;2026-02-16T06:18:12+01:00
2026-02-15T06:00:00+01:00;2026-02-15T07:00:00+01:00;KWH 60 Forbruk;2,080;kWh;Målt;2026-02-16T06:18:12+01:00
2026-02-15T07:00:00+01:00;2026-02-15T08:00:00+01:00;KWH 60 Forbruk;2,115;kWh;Målt;2026-02-16T06:18:12+01:00
2026-02-15T08:00:00+01:00;2026-02-15T09:00:00+01:00;KWH 60 Forbruk;3,367;kWh;Målt;2026-02-16T06:18:12+01:00
2026-02-15T09:00:00+01:00;2026-02-15T10:00:00+01:00;KWH 60 Forbruk;2,186;kWh;Målt;2026-02-16T06:18:12+01:00
2026-02-15T10:00:00+01:00;2026-02-15T11:00:00+01:00;KWH 60 Forbruk;3,394;kWh;Målt;2026-02-16T06:18:12+01:00
2026-02-15T11:00:00+01:00;2026-02-15T12:00:00+01:00;KWH 60 Forbruk;4,230;kWh;Målt;2026-02-16T06:18:12+01:00
2026-02-15T12:00:00+01:00;2026-02-15T13:00:00+01:00;KWH 60 Forbruk;5,053;kWh;Målt;2026-02-16T06:18:12+01:00
2026-02-15T13:00:00+01:00;2026-02-15T14:00:00+01:00;KWH 60 Forbruk;4,243;kWh;Målt;2026-02-16T06:18:12+01:00
2026-02-15T14:00:00+01:00;2026-02-15T15:00:00+01:00;KWH 60 Forbruk;2,796;kWh;Målt;2026-02-16T06:18:12+01:00
2026-02-15T15:00:00+01:00;2026-02-15T16:00:00+01:00;KWH 60 Forbruk;2,550;kWh;Målt;2026-02-16T06:18:12+01:00
2026-02-15T16:00:00+01:00;2026-02-15T17:00:00+01:00;KWH 60 Forbruk;3,265;kWh;Målt;2026-02-16T06:18:12+01:00
2026-02-15T17:00:00+01:00;2026-02-15T18:00:00+01:00;KWH 60 Forbruk;2,708;kWh;Målt;2026-02-16T06:18:12+01:00
2026-02-15T18:00:00+01:00;2026-02-15T19:00:00+01:00;KWH 60 Forbruk;2,124;kWh;Målt;2026-02-16T06:18:12+01:00
2026-02-15T19:00:00+01:00;2026-02-15T20:00:00+01:00;KWH 60 Forbruk;2,788;kWh;Målt;2026-02-16T06:18:12+01:00
2026-02-15T20:00:00+01:00;2026-02-15T21:00:00+01:00;KWH 60 Forbruk;2,714;kWh;Målt;2026-02-16T06:18:12+01:00
2026-02-15T21:00:00+01:00;2026-02-15T22:00:00+01:00;KWH 60 Forbruk;2,589;kWh;Målt;2026-02-16T06:18:12+01:00
2026-02-15T22:00:00+01:00;2026-02-15T23:00:00+01:00;KWH 60 Forbruk;3,235;kWh;Målt;2026-02-16T06:18:12+01:00
2026-02-15T23:00:00+01:00;2026-02-16T00:00:00+01:00;KWH 60 Forbruk;3,833;kWh;Målt;2026-02-16T06:18:12+01:00
2026-02-16T00:00:00+01:00;2026-02-16T01:00:00+01:00;KWH 60 Forbruk;2,053;kWh;Målt;2026-02-17T06:36:26+01:00
2026-02-16T01:00:00+01:00;2026-02-16T02:00:00+01:00;KWH 60 Forbruk;1,716;kWh;Målt;2026-02-17T06:36:26+01:00
2026-02-16T02:00:00+01:00;2026-02-16T03:00:00+01:00;KWH 60 Forbruk;1,923;kWh;Målt;2026-02-17T06:36:26+01:00
2026-02-16T03:00:00+01:00;2026-02-16T04:00:00+01:00;KWH 60 Forbruk;2,257;kWh;Målt;2026-02-17T06:36:26+01:00
2026-02-16T04:00:00+01:00;2026-02-16T05:00:00+01:00;KWH 60 Forbruk;1,878;kWh;Målt;2026-02-17T06:36:26+01:00
2026-02-16T05:00:00+01:00;2026-02-16T06:00:00+01:00;KWH 60 Forbruk;1,816;kWh;Målt;2026-02-17T06:36:26+01:00
2026-02-16T06:00:00+01:00;2026-02-16T07:00:00+01:00;KWH 60 Forbruk;2,848;kWh;Målt;2026-02-17T06:36:26+01:00
2026-02-16T07:00:00+01:00;2026-02-16T08:00:00+01:00;KWH 60 Forbruk;4,136;kWh;Målt;2026-02-17T06:36:26+01:00
2026-02-16T08:00:00+01:00;2026-02-16T09:00:00+01:00;KWH 60 Forbruk;4,321;kWh;Målt;2026-02-17T06:36:26+01:00
2026-02-16T09:00:00+01:00;2026-02-16T10:00:00+01:00;KWH 60 Forbruk;2,804;kWh;Målt;2026-02-17T06:36:26+01:00
2026-02-16T10:00:00+01:00;2026-02-16T11:00:00+01:00;KWH 60 Forbruk;1,701;kWh;Målt;2026-02-17T06:36:26+01:00
2026-02-16T11:00:00+01:00;2026-02-16T12:00:00+01:00;KWH 60 Forbruk;3,008;kWh;Målt;2026-02-17T06:36:26+01:00
2026-02-16T12:00:00+01:00;2026-02-16T13:00:00+01:00;KWH 60 Forbruk;1,803;kWh;Målt;2026-02-17T06:36:26+01:00
2026-02-16T13:00:00+01:00;2026-02-16T14:00:00+01:00;KWH 60 Forbruk;1,814;kWh;Målt;2026-02-17T06:36:26+01:00
2026-02-16T14:00:00+01:00;2026-02-16T15:00:00+01:00;KWH 60 Forbruk;3,088;kWh;Målt;2026-02-17T06:36:26+01:00
2026-02-16T15:00:00+01:00;2026-02-16T16:00:00+01:00;KWH 60 Forbruk;3,573;kWh;Målt;2026-02-17T06:36:26+01:00
2026-02-16T16:00:00+01:00;2026-02-16T17:00:00+01:00;KWH 60 Forbruk;3,419;kWh;Målt;2026-02-17T06:36:26+01:00
2026-02-16T17:00:00+01:00;2026-02-16T18:00:00+01:00;KWH 60 Forbruk;1,918;kWh;Målt;2026-02-17T06:36:26+01:00
2026-02-16T18:00:00+01:00;2026-02-16T19:00:00+01:00;KWH 60 Forbruk;3,178;kWh;Målt;2026-02-17T06:36:26+01:00
2026-02-16T19:00:00+01:00;2026-02-16T20:00:00+01:00;KWH 60 Forbruk;2,184;kWh;Målt;2026-02-17T06:36:26+01:00
2026-02-16T20:00:00+01:00;2026-02-16T21:00:00+01:00;KWH 60 Forbruk;2,527;kWh;Målt;2026-02-17T06:36:26+01:00
2026-02-16T21:00:00+01:00;2026-02-16T22:00:00+01:00;KWH 60 Forbruk;1,959;kWh;Målt;2026-02-17T06:36:26+01:00
2026-02-16T22:00:00+01:00;2026-02-16T23:00:00+01:00;KWH 60 Forbruk;1,835;kWh;Målt;2026-02-17T06:36:26+01:00
2026-02-16T23:00:00+01:00;2026-02-17T00:00:00+01:00;KWH 60 Forbruk;2,318;kWh;Målt;2026-02-17T06:36:26+01:00
2026-02-17T00:00:00+01:00;2026-02-17T01:00:00+01:00;KWH 60 Forbruk;1,262;kWh;Målt;2026-02-18T06:25:31+01:00
2026-02-17T01:00:00+01:00;2026-02-17T02:00:00+01:00;KWH 60 Forbruk;1,382;kWh;Målt;2026-02-18T06:25:31+01:00
2026-02-17T02:00:00+01:00;2026-02-17T03:00:00+01:00;KWH 60 Forbruk;2,356;kWh;Målt;2026-02-18T06:25:31+01:00
2026-02-17T03:00:00+01:00;2026-02-17T04:00:00+01:00;KWH 60 Forbruk;1,471;kWh;Målt;2026-02-18T06:25:31+01:00
2026-02-17T04:00:00+01:00;2026-02-17T05:00:00+01:00;KWH 60 Forbruk;1,691;kWh;Målt;2026-02-18T06:25:31+01:00
2026-02-17T05:00:00+01:00;2026-02-17T06:00:00+01:00;KWH 60 Forbruk;2,270;kWh;Målt;2026-02-18T06:25:31+01:00
2026-02-17T06:00:00+01:00;2026-02-17T07:00:00+01:00;KWH 60 Forbruk;1,762;kWh;Målt;2026-02-18T06:25:31+01:00
2026-02-17T07:00:00+01:00;2026-02-17T08:00:00+01:00;KWH 60 Forbruk;1,861;kWh;Målt;2026-02-18T06:25:31+01:00
2026-02-17T08:00:00+01:00;2026-02-17T09:00:00+01:00;KWH 60 Forbruk;4,734;kWh;Målt;2026-02-18T06:25:31+01:00
2026-02-17T09:00:00+01:00;2026-02-17T10:00:00+01:00;KWH 60 Forbruk;4,421;kWh;Målt;2026-02-18T06:25:31+01:00
2026-02-17T10:00:00+01:00;2026-02-17T11:00:00+01:00;KWH 60 Forbruk;2,021;kWh;Målt;2026-02-18T06:25:31+01:00
2026-02-17T11:00:00+01:00;2026-02-17T12:00:00+01:00;KWH 60 Forbruk;2,881;kWh;Målt;2026-02-18T06:25:31+01:00
2026-02-17T12:00:00+01:00;2026-02-17T13:00:00+01:00;KWH 60 Forbruk;4,431;kWh;Målt;2026-02-18T06:25:31+01:00
2026-02-17T13:00:00+01:00;2026-02-17T14:00:00+01:00;KWH 60 Forbruk;3,123;kWh;Målt;2026-02-18T06:25:31+01:00
2026-02-17T14:00:00+01:00;2026-02-17T15:00:00+01:00;KWH 60 Forbruk;2,532;kWh;Målt;2026-02-18T06:25:31+01:00
2026-02-17T15:00:00+01:00;2026-02-17T16:00:00+01:00;KWH 60 Forbruk;2,527;kWh;Målt;2026-02-18T06:25:31+01:00
2026-02-17T16:00:00+01:00;2026-02-17T17:00:00+01:00;KWH 60 Forbruk;3,342;kWh;Målt;2026-02-18T06:25:31+01:00
2026-02-17T17:00:00+01:00;2026-02-17T18:00:00+01:00;KWH 60 Forbruk;4,249;kWh;Målt;2026-02-18T06:25:31+01:00
2026-02-17T18:00:00+01:00;2026-02-17T19:00:00+01:00;KWH 60 Forbruk;4,366;kWh;Målt;2026-02-18T06:25:31+01:00
2026-02-17T19:00:00+01:00;2026-02-17T20:00:00+01:00;KWH 60 Forbruk;1,501;kWh;Målt;2026-02-18T06:25:31+01:00
2026-02-17T20:00:00+01:00;2026-02-17T21:00:00+01:00;KWH 60 Forbruk;1,572;kWh;Målt;2026-02-18T06:25:31+01:00
2026-02-17T21:00:00+01:00;2026-02-17T22:00:00+01:00;KWH 60 Forbruk;1,523;kWh;Målt;2026-02-18T06:25:31+01:00
2026-02-17T22:00:00+01:00;2026-02-17T23:00:00+01:00;KWH 60 Forbruk;1,018;kWh;Målt;2026-02-18T06:25:31+01:00
2026-02-17T23:00:00+01:00;2026-02-18T00:00:00+01:00;KWH 60 Forbruk;1,676;kWh;Målt;2026-02-18T06:25:31+01:00
2026-02-18T00:00:00+01:00;2026-02-18T01:00:00+01:00;KWH 60 Forbruk;1,269;kWh;Målt;2026-02-19T06:19:18+01:00
2026-02-18T01:00:00+01:00;2026-02-18T02:00:00+01:00;KWH 60 Forbruk;1,299;kWh;Målt;2026-02-19T06:19:18+01:00
2026-02-18T02:00:00+01:00;2026-02-18T03:00:00+01:00;KWH 60 Forbruk;1,625;kWh;Målt;2026-02-19T06:19:18+01:00
2026-02-18T03:00:00+01:00;2026-02-18T04:00:00+01:00;KWH 60 Forbruk;1,926;kWh;Målt;2026-02-19T06:19:18+01:00
2026-02-18T04:00:00+01:00;2026-02-18T05:00:00+01:00;KWH 60 Forbruk;1,594;kWh;Målt;2026-02-19T06:19:18+01:00
2026-02-18T05:00:00+01:00;2026-02-18T06:00:00+01:00;KWH 60 Forbruk;2,032;kWh;Målt;2026-02-19T06:19:18+01:00
2026-02-18T06:00:00+01:00;2026-02-18T07:00:00+01:00;KWH 60 Forbruk;2,278;kWh;Målt;2026-02-19T06:19:18+01:00
2026-02-18T07:00:00+01:00;2026-02-18T08:00:00+01:00;KWH 60 Forbruk;3,688;kWh;Målt;2026-02-19T06:19:18+01:00
2026-02-18T08:00:00+01:00;2026-02-18T09:00:00+01:00;KWH 60 Forbruk;4,555;kWh;Målt;2026-02-19T06:19:18+01:00
2026-02-18T09:00:00+01:00;2026-02-18T10:00:00+01:00;KWH 60 Forbruk;3,784;kWh;Målt;2026-02-19T06:19:18+01:00
2026-02-18T10:00:00+01:00;2026-02-18T11:00:00+01:00;KWH 60 Forbruk;2,667;kWh;Målt;2026-02-19T06:19:18+01:00
2026-02-18T11:00:00+01:00;2026-02-18T12:00:00+01:00;KWH 60 Forbruk;3,670;kWh;Målt;2026-02-19T06:19:18+01:00
2026-02-18T12:00:00+01:00;2026-02-18T13:00:00+01:00;KWH 60 Forbruk;1,892;kWh;Målt;2026-02-19T06:19:18+01:00
2026-02-18T13:00:00+01:00;2026-02-18T14:00:00+01:00;KWH 60 Forbruk;2,341;kWh;Målt;2026-02-19T06:19:18+01:00
2026-02-18T14:00:00+01:00;2026-02-18T15:00:00+01:00;KWH 60 Forbruk;2,766;kWh;Målt;2026-02-19T06:19:18+01:00
2026-02-18T15:00:00+01:00;2026-02-18T16:00:00+01:00;KWH 60 Forbruk;2,028;kWh;Målt;2026-02-19T06:19:18+01:00
2026-02-18T16:00:00+01:00;2026-02-18T17:00:00+01:00;KWH 60 Forbruk;2,613;kWh;Målt;2026-02-19T06:19:18+01:00
2026-02-18T17:00:00+01:00;2026-02-18T18:00:00+01:00;KWH 60 Forbruk;2,191;kWh;Målt;2026-02-19T06:19:18+01:00
2026-02-18T18:00:00+01:00;2026-02-18T19:00:00+01:00;KWH 60 Forbruk;2,289;kWh;Målt;2026-02-19T06:19:18+01:00
2026-02-18T19:00:00+01:00;2026-02-18T20:00:00+01:00;KWH 60 Forbruk;2,341;kWh;Målt;2026-02-19T06:19:18+01:00
2026-02-18T20:00:00+01:00;2026-02-18T21:00:00+01:00;KWH 60 Forbruk;2,010;kWh;Målt;2026-02-19T06:19:18+01:00
2026-02-18T21:00:00+01:00;2026-02-18T22:00:00+01:00;KWH 60 Forbruk;2,715;kWh;Målt;2026-02-19T06:19:18+01:00
2026-02-18T22:00:00+01:00;2026-02-18T23:00:00+01:00;KWH 60 Forbruk;2,369;kWh;Målt;2026-02-19T06:19:18+01:00
2026-02-18T23:00:00+01:00;2026-02-19T00:00:00+01:00;KWH 60 Forbruk;3,744;kWh;Målt;2026-02-19T06:19:18+01:00
2026-02-19T00:00:00+01:00;2026-02-19T01:00:00+01:00;KWH 60 Forbruk;2,277;kWh;Målt;2026-02-20T06:23:32+01:00
2026-02-19T01:00:00+01:00;2026-02-19T02:00:00+01:00;KWH 60 Forbruk;2,008;kWh;Målt;2026-02-20T06:23:32+01:00
2026-02-19T02:00:00+01:00;2026-02-19T03:00:00+01:00;KWH 60 Forbruk;2,361;kWh;Målt;2026-02-20T06:23:32+01:00
2026-02-19T03:00:00+01:00;2026-02-19T04:00:00+01:00;KWH 60 Forbruk;2,116;kWh;Målt;2026-02-20T06:23:32+01:00
2026-02-19T04:00:00+01:00;2026-02-19T05:00:00+01:00;KWH 60 Forbruk;2,124;kWh;Målt;2026-02-20T06:23:32+01:00
2026-02-19T05:00:00+01:00;2026-02-19T06:00:00+01:00;KWH 60 Forbruk;1,885;kWh;Målt;2026-02-20T06:23:32+01:00
2026-02-19T06:00:00+01:00;2026-02-19T07:00:00+01:00;KWH 60 Forbruk;2,748;kWh;Målt;2026-02-20T06:23:32+01:00
2026-02-19T07:00:00+01:00;2026-02-19T08:00:00+01:00;KWH 60 Forbruk;2,071;kWh;Målt;2026-02-20T06:23:32+01:00
2026-02-19T08:00:00+01:00;2026-02-19T09:00:00+01:00;KWH 60 Forbruk;3,771;kWh;Målt;2026-02-20T06:23:32+01:00
2026-02-19T09:00:00+01:00;2026-02-19T10:00:00+01:00;KWH 60 Forbruk;4,313;kWh;Målt;2026-02-20T06:23:32+01:00
2026-02-19T10:00:00+01:00;2026-02-19T11:00:00+01:00;KWH 60 Forbruk;1,585;kWh;Målt;2026-02-20T06:23:32+01:00
2026-02-19T11:00:00+01:00;2026-02-19T12:00:00+01:00;KWH 60 Forbruk;2,847;kWh;Målt;2026-02-20T06:23:32+01:00
2026-02-19T12:00:00+01:00;2026-02-19T13:00:00+01:00;KWH 60 Forbruk;2,235;kWh;Målt;2026-02-20T06:23:32+01:00
2026-02-19T13:00:00+01:00;2026-02-19T14:00:00+01:00;KWH 60 Forbruk;4,976;kWh;Målt;2026-02-20T06:23:32+01:00
2026-02-19T14:00:00+01:00;2026-02-19T15:00:00+01:00;KWH 60 Forbruk;2,759;kWh;Målt;2026-02-20T06:23:32+01:00
2026-02-19T15:00:00+01:00;2026-02-19T16:00:00+01:00;KWH 60 Forbruk;4,474;kWh;Målt;2026-02-20T06:23:32+01:00
2026-02-19T16:00:00+01:00;2026-02-19T17:00:00+01:00;KWH 60 Forbruk;2,779;kWh;Målt;2026-02-20T06:23:32+01:00
2026-02-19T17:00:00+01:00;2026-02-19T18:00:00+01:00;KWH 60 Forbruk;3,481;kWh;Målt;2026-02-20T06:23:32+01:00
2026-02-19T18:00:00+01:00;2026-02-19T19:00:00+01:00;KWH 60 Forbruk;3,528;kWh;Målt;2026-02-20T06:23:32+01:00
2026-02-19T19:00:00+01:00;2026-02-19T20:00:00+01:00;KWH 60 Forbruk;1,678;kWh;Målt;2026-02-20T06:23:32+01:00
2026-02-19T20:00:00+01:00;2026-02-19T21:00:00+01:00;KWH 60 Forbruk;1,678;kWh;Målt;2026-02-20T06:23:32+01:00
2026-02-19T21:00:00+01:00;2026-02-19T22:00:00+01:00;KWH 60 Forbruk;3,174;kWh;Målt;2026-02-20T06:23:32+01:00
2026-02-19T22:00:00+01:00;2026-02-19T23:00:00+01:00;KWH 60 Forbruk;1,201;kWh;Målt;2026-02-20T06:23:32+01:00
2026-02-19T23:00:00+01:00;2026-02-20T00:00:00+01:00;KWH 60 Forbruk;2,312;kWh;Målt;2026-02-20T06:23:32+01:00
2026-02-20T00:00:00+01:00;2026-02-20T01:00:00+01:00;KWH 60 Forbruk;2,056;kWh;Målt;2026-02-21T06:25:16+01:00
2026-02-20T01:00:00+01:00;2026-02-20T02:00:00+01:00;KWH 60 Forbruk;1,673;kWh;Målt;2026-02-21T06:25:16+01:00
2026-02-20T02:00:00+01:00;2026-02-20T03:00:00+01:00;KWH 60 Forbruk;2,658;kWh;Målt;2026-02-21T06:25:16+01:00
2026-02-20T03:00:00+01:00;2026-02-20T04:00:00+01:00;KWH 60 Forbruk;1,835;kWh;Målt;2026-02-21T06:25:16+01:00
2026-02-20T04:00:00+01:00;2026-02-20T05:00:00+01:00;KWH 60 Forbruk;1,901;kWh;Målt;2026-02-21T06:25:16+01:00
2026-02-20T05:00:00+01:00;2026-02-20T06:00:00+01:00;KWH 60 Forbruk;2,110;kWh;Målt;2026-02-21T06:25:16+01:00
2026-02-20T06:00:00+01:00;2026-02-20T07:00:00+01:00;KWH 60 Forbruk;2,534;kWh;Målt;2026-02-21T06:25:16+01:00
2026-02-20T07:00:00+01:00;2026-02-20T08:00:00+01:00;KWH 60 Forbruk;2,163;kWh;Målt;2026-02-21T06:25:16+01:00
2026-02-20T08:00:00+01:00;2026-02-20T09:00:00+01:00;KWH 60 Forbruk;4,044;kWh;Målt;2026-02-21T06:25:16+01:00
2026-02-20T09:00:00+01:00;2026-02-20T10:00:00+01:00;KWH 60 Forbruk;3,719;kWh;Målt;2026-02-21T06:25:16+01:00
2026-02-20T10:00:00+01:00;2026-02-20T11:00:00+01:00;KWH 60 Forbruk;3,293;kWh;Målt;2026-02-21T06:25:16+01:00
2026-02-20T11:00:00+01:00;2026-02-20T12:00:00+01:00;KWH 60 Forbruk;1,842;kWh;Målt;2026-02-21T06:25:16+01:00
2026-02-20T12:00:00+01:00;2026-02-20T13:00:00+01:00;KWH 60 Forbruk;4,316;kWh;Målt;2026-02-21T06:25:16+01:00
2026-02-20T13:00:00+01:00;2026-02-20T14:00:00+01:00;KWH 60 Forbruk;3,686;kWh;Målt;2026-02-21T06:25:16+01:00
2026-02-20T14:00:00+01:00;2026-02-20T15:00:00+01:00;KWH 60 Forbruk;2,677;kWh;Målt;2026-02-21T06:25:16+01:00
2026-02-20T15:00:00+01:00;2026-02-20T16:00:00+01:00;KWH 60 Forbruk;2,861;kWh;Målt;2026-02-21T06:25:16+01:00
2026-02-20T16:00:00+01:00;2026-02-20T17:00:00+01:00;KWH 60 Forbruk;2,329;kWh;Målt;2026-02-21T06:25:16+01:00
2026-02-20T17:00:00+01:00;2026-02-20T18:00:00+01:00;KWH 60 Forbruk;2,476;kWh;Målt;2026-02-21T06:25:16+01:00
2026-02-20T18:00:00+01:00;2026-02-20T19:00:00+01:00;KWH 60 Forbruk;2,332;kWh;Målt;2026-02-21T06:25:16+01:00
2026-02-20T19:00:00+01:00;2026-02-20T20:00:00+01:00;KWH 60 Forbruk;2,168;kWh;Målt;2026-02-21T06:25:16+01:00
2026-02-20T20:00:00+01:00;2026-02-20T21:00:00+01:00;KWH 60 Forbruk;1,170;kWh;Målt;2026-02-21T06:25:16+01:00
2026-02-20T21:00:00+01:00;2026-02-20T22:00:00+01:00;KWH 60 Forbruk;2,374;kWh;Målt;2026-02-21T06:25:16+01:00
2026-02-20T22:00:00+01:00;2026-02-20T23:00:00+01:00;KWH 60 Forbruk;2,094;kWh;Målt;2026-02-21T06:25:16+01:00
2026-02-20T23:00:00+01:00;2026-02-21T00:00:00+01:00;KWH 60 Forbruk;1,170;kWh;Målt;2026-02-21T06:25:16+01:00
2026-02-21T00:00:00+01:00;2026-02-21T01:00:00+01:00;KWH 60 Forbruk;1,905;kWh;Målt;2026-02-22T06:30:31+01:00
2026-02-21T01:00:00+01:00;2026-02-21T02:00:00+01:00;KWH 60 Forbruk;1,539;kWh;Målt;2026-02-22T06:30:31+01:00
2026-02-21T02:00:00+01:00;2026-02-21T03:00:00+01:00;KWH 60 Forbruk;1,532;kWh;Målt;2026-02-22T06:30:31+01:00
2026-02-21T03:00:00+01:00;2026-02-21T04:00:00+01:00;KWH 60 Forbruk;1,683;kWh;Målt;2026-02-22T06:30:31+01:00
2026-02-21T04:00:00+01:00;2026-02-21T05:00:00+01:00;KWH 60 Forbruk;2,321;kWh;Målt;2026-02-22T06:30:31+01:00
2026-02-21T05:00:00+01:00;2026-02-21T06:00:00+01:00;KWH 60 Forbruk;1,685;kWh;Målt;2026-02-22T06:30:31+01:00
2026-02-21T06:00:00+01:00;2026-02-21T07:00:00+01:00;KWH 60 Forbruk;1,972;kWh;Målt;2026-02-22T06:30:31+01:00
2026-02-21T07:00:00+01:00;2026-02-21T08:00:00+01:00;KWH 60 Forbruk;2,418;kWh;Målt;2026-02-22T06:30:31+01:00
2026-02-21T08:00:00+01:00;2026-02-21T09:00:00+01:00;KWH 60 Forbruk;2,530;kWh;Målt;2026-02-22T06:30:31+01:00
2026-02-21T09:00:00+01:00;2026-02-21T10:00:00+01:00;KWH 60 Forbruk;2,557;kWh;Målt;2026-02-22T06:30:31+01:00
2026-02-21T10:00:00+01:00;2026-02-21T11:00:00+01:00;KWH 60 Forbruk;1,918;kWh;Målt;2026-02-22T06:30:31+01:00
2026-02-21T11:00:00+01:00;2026-02-21T12:00:00+01:00;KWH 60 Forbruk;3,729;kWh;Målt;2026-02-22T06:30:31+01:00
2026-02-21T12:00:00+01:00;2026-02-21T13:00:00+01:00;KWH 60 Forbruk;3,799;kWh;Målt;2026-02-22T06:30:31+01:00
2026-02-21T13:00:00+01:00;2026-02-21T14:00:00+01:00;KWH 60 Forbruk;1,893;kWh;Målt;2026-02-22T06:30:31+01:00
2026-02-21T14:00:00+01:00;2026-02-21T15:00:00+01:00;KWH 60 Forbruk;1,418;kWh;Målt;2026-02-22T06:30:31+01:00
2026-02-21T15:00:00+01:00;2026-02-21T16:00:00+01:00;KWH 60 Forbruk;2,417;kWh;Målt;2026-02-22T06:30:31+01:00
2026-02-21T16:00:00+01:00;2026-02-21T17:00:00+01:00;KWH 60 Forbruk;3,589;kWh;Målt;2026-02-22T06:30:31+01:00
2026-02-21T17:00:00+01:00;2026-02-21T18:00:00+01:00;KWH 60 Forbruk;2,258;kWh;Målt;2026-02-22T06:30:31+01:00
2026-02-21T18:00:00+01:00;2026-02-21T19:00:00+01:00;KWH 60 Forbruk;2,627;kWh;Målt;2026-02-22T06:30:31+01:00
2026-02-21T19:00:00+01:00;2026-02-21T20:00:00+01:00;KWH 60 Forbruk;2,291;kWh;Målt;2026-02-22T06:30:31+01:00
2026-02-21T20:00:00+01:00;2026-02-21T21:00:00+01:00;KWH 60 Forbruk;1,360;kWh;Målt;2026-02-22T06:30:31+01:00
2026-02-21T21:00:00+01:00;2026-02-21T22:00:00+01:00;KWH 60 Forbruk;1,485;kWh;Målt;2026-02-22T06:30:31+01:00
2026-02-21T22:00:00+01:00;2026-02-21T23:00:00+01:00;KWH 60 Forbruk;2,024;kWh;Målt;2026-02-22T06:30:31+01:00
2026-02-21T23:00:00+01:00;2026-02-22T00:00:00+01:00;KWH 60 Forbruk;1,329;kWh;Målt;2026-02-22T06:30:31+01:00
2026-02-22T00:00:00+01:00;2026-02-22T01:00:00+01:00;KWH 60 Forbruk;2,088;kWh;Målt;2026-02-23T06:20:30+01:00
2026-02-22T01:00:00+01:00;2026-02-22T02:00:00+01:00;KWH 60 Forbruk;1,557;kWh;Målt;2026-02-23T06:20:30+01:00
2026-02-22T02:00:00+01:00;2026-02-22T03:00:00+01:00;KWH 60 Forbruk;1,586;kWh;Målt;2026-02-23T06:20:30+01:00
2026-02-22T03:00:00+01:00;2026-02-22T04:00:00+01:00;KWH 60 Forbruk;2,046;kWh;Målt;2026-02-23T06:20:30+01:00
2026-02-22T04:00:00+01:00;2026-02-22T05:00:00+01:00;KWH 60 Forbruk;1,902;kWh;Målt;2026-02-23T06:20:30+01:00
2026-02-22T05:00:00+01:00;2026-02-22T06:00:00+01:00;KWH 60 Forbruk;1,743;kWh;Målt;2026-02-23T06:20:30+01:00
2026-02-22T06:00:00+01:00;2026-02-22T07:00:00+01:00;KWH 60 Forbruk;1,831;kWh;Målt;2026-02-23T06:20:30+01:00
2026-02-22T07:00:00+01:00;2026-02-22T08:00:00+01:00;KWH 60 Forbruk;2,778;kWh;Målt;2026-02-23T06:20:30+01:00
2026-02-22T08:00:00+01:00;2026-02-22T09:00:00+01:00;KWH 60 Forbruk;1,966;kWh;Målt;2026-02-23T06:20:30+01:00
2026-02-22T09:00:00+01:00;2026-02-22T10:00:00+01:00;KWH 60 Forbruk;3,290;kWh;Målt;2026-02-23T06:20:30+01:00
2026-02-22T10:00:00+01:00;2026-02-22T11:00:00+01:00;KWH 60 Forbruk;3,601;kWh;Målt;2026-02-23T06:20:30+01:00
2026-02-22T11:00:00+01:00;2026-02-22T12:00:00+01:00;KWH 60 Forbruk;1,953;kWh;Målt;2026-02-23T06:20:30+01:00
2026-02-22T12:00:00+01:00;2026-02-22T13:00:00+01:00;KWH 60 Forbruk;2,762;kWh;Målt;2026-02-23T06:20:30+01:00
2026-02-22T13:00:00+01:00;2026-02-22T14:00:00+01:00;KWH 60 Forbruk;2,093;kWh;Målt;2026-02-23T06:20:30+01:00
2026-02-22T14:00:00+01:00;2026-02-22T15:00:00+01:00;KWH 60 Forbruk;1,723;kWh;Målt;2026-02-23T06:20:30+01:00
2026-02-22T15:00:00+01:00;2026-02-22T16:00:00+01:00;KWH 60 Forbruk;2,888;kWh;Målt;2026-02-23T06:20:30+01:00
2026-02-22T16:00:00+01:00;2026-02-22T17:00:00+01:00;KWH 60 Forbruk;2,780;kWh;Målt;2026-02-23T06:20:30+01:00
2026-02-22T17:00:00+01:00;2026-02-22T18:00:00+01:00;KWH 60 Forbruk;3,466;kWh;Målt;2026-02-23T06:20:30+01:00
2026-02-22T18:00:00+01:00;2026-02-22T19:00:00+01:00;KWH 60 Forbruk;2,146;kWh;Målt;2026-02-23T06:20:30+01:00
2026-02-22T19:00:00+01:00;2026-02-22T20:00:00+01:00;KWH 60 Forbruk;3,108;kWh;Målt;2026-02-23T06:20:30+01:00
2026-02-22T20:00:00+01:00;2026-02-22T21:00:00+01:00;KWH 60 Forbruk;1,933;kWh;Målt;2026-02-23T06:20:30+01:00
2026-02-22T21:00:00+01:00;2026-02-22T22:00:00+01:00;KWH 60 Forbruk;3,015;kWh;Målt;2026-02-23T06:20:30+01:00
2026-02-22T22:00:00+01:00;2026-02-22T23:00:00+01:00;KWH 60 Forbruk;3,721;kWh;Målt;2026-02-23T06:20:30+01:00
2026-02-22T23:00:00+01:00;2026-02-23T00:00:00+01:00;KWH 60 Forbruk;1,846;kWh;Målt;2026-02-23T06:20:30+01:00
2026-02-23T00:00:00+01:00;2026-02-23T01:00:00+01:00;KWH 60 Forbruk;1,410;kWh;Målt;2026-02-24T19:25:03+01:00
2026-02-23T01:00:00+01:00;2026-02-23T02:00:00+01:00;KWH 60 Forbruk;1,574;kWh;Målt;2026-02-24T19:25:03+01:00
2026-02-23T02:00:00+01:00;2026-02-23T03:00:00+01:00;KWH 60 Forbruk;2,128;kWh;Målt;2026-02-24T19:25:03+01:00
2026-02-23T03:00:00+01:00;2026-02-23T04:00:00+01:00;KWH 60 Forbruk;1,638;kWh;Målt;2026-02-24T19:25:03+01:00
2026-02-23T04:00:00+01:00;2026-02-23T05:00:00+01:00;KWH 60 Forbruk;1,544;kWh;Målt;2026-02-24T19:25:03+01:00
2026-02-23T05:00:00+01:00;2026-02-23T06:00:00+01:00;KWH 60 Forbruk;2,275;kWh;Målt;2026-02-24T19:25:03+01:00
2026-02-23T06:00:00+01:00;2026-02-23T07:00:00+01:00;KWH 60 Forbruk;1,739;kWh;Målt;2026-02-24T19:25:03+01:00
2026-02-23T07:00:00+01:00;2026-02-23T08:00:00+01:00;KWH 60 Forbruk;1,555;kWh;Målt;2026-02-24T19:25:03+01:00
2026-02-23T08:00:00+01:00;2026-02-23T09:00:00+01:00;KWH 60 Forbruk;4,228;kWh;Målt;2026-02-24T19:25:03+01:00
2026-02-23T09:00:00+01:00;2026-02-23T10:00:00+01:00;KWH 60 Forbruk;2,848;kWh;Målt;2026-02-24T19:25:03+01:00
2026-02-23T10:00:00+01:00;2026-02-23T11:00:00+01:00;KWH 60 Forbruk;1,803;kWh;Målt;2026-02-24T19:25:03+01:00
2026-02-23T11:00:00+01:00;2026-02-23T12:00:00+01:00;KWH 60 Forbruk;2,181;kWh;Målt;2026-02-24T19:25:03+01:00
2026-02-23T12:00:00+01:00;2026-02-23T13:00:00+01:00;KWH 60 Forbruk;2,038;kWh;Målt;2026-02-24T19:25:03+01:00
2026-02-23T13:00:00+01:00;2026-02-23T14:00:00+01:00;KWH 60 Forbruk;1,846;kWh;Målt;2026-02-24T19:25:03+01:00
2026-02-23T14:00:00+01:00;2026-02-23T15:00:00+01:00;KWH 60 Forbruk;1,582;kWh;Målt;2026-02-24T19:25:03+01:00
2026-02-23T15:00:00+01:00;2026-02-23T16:00:00+01:00;KWH 60 Forbruk;2,451;kWh;Målt;2026-02-24T19:25:03+01:00
2026-02-23T16:00:00+01:00;2026-02-23T17:00:00+01:00;KWH 60 Forbruk;1,929;kWh;Målt;2026-02-24T19:25:03+01:00
2026-02-23T17:00:00+01:00;2026-02-23T18:00:00+01:00;KWH 60 Forbruk;3,020;kWh;Målt;2026-02-24T19:25:03+01:00
2026-02-23T18:00:00+01:00;2026-02-23T19:00:00+01:00;KWH 60 Forbruk;2,131;kWh;Målt;2026-02-24T19:25:03+01:00
2026-02-23T19:00:00+01:00;2026-02-23T20:00:00+01:00;KWH 60 Forbruk;3,503;kWh;Målt;2026-02-24T19:25:03+01:00
2026-02-23T20:00:00+01:00;2026-02-23T21:00:00+01:00;KWH 60 Forbruk;2,080;kWh;Målt;2026-02-24T19:25:03+01:00
2026-02-23T21:00:00+01:00;2026-02-23T22:00:00+01:00;KWH 60 Forbruk;1,938;kWh;Målt;2026-02-24T19:25:03+01:00
2026-02-23T22:00:00+01:00;2026-02-23T23:00:00+01:00;KWH 60 Forbruk;1,109;kWh;Målt;2026-02-24T19:25:03+01:00
2026-02-23T23:00:00+01:00;2026-02-24T00:00:00+01:00;KWH 60 Forbruk;1,116;kWh;Målt;2026-02-24T19:25:03+01:00
2026-02-24T00:00:00+01:00;2026-02-24T01:00:00+01:00;KWH 60 Forbruk;2,203;kWh;Målt;2026-02-25T06:18:43+01:00
2026-02-24T01:00:00+01:00;2026-02-24T02:00:00+01:00;KWH 60 Forbruk;1,584;kWh;Målt;2026-02-25T06:18:43+01:00
2026-02-24T02:00:00+01:00;2026-02-24T03:00:00+01:00;KWH 60 Forbruk;1,532;kWh;Målt;2026-02-25T06:18:43+01:00
2026-02-24T03:00:00+01:00;2026-02-24T04:00:00+01:00;KWH 60 Forbruk;1,982;kWh;Målt;2026-02-25T06:18:43+01:00
2026-02-24T04:00:00+01:00;2026-02-24T05:00:00+01:00;KWH 60 Forbruk;2,177;kWh;Målt;2026-02-25T06:18:43+01:00
2026-02-24T05:00:00+01:00;2026-02-24T06:00:00+01:00;KWH 60 Forbruk;3,036;kWh;Målt;2026-02-25T06:18:43+01:00
2026-02-24T06:00:00+01:00;2026-02-24T07:00:00+01:00;KWH 60 Forbruk;1,649;kWh;Målt;2026-02-25T06:18:43+01:00
2026-02-24T07:00:00+01:00;2026-02-24T08:00:00+01:00;KWH 60 Forbruk;2,788;kWh;Målt;2026-02-25T06:18:43+01:00
2026-02-24T08:00:00+01:00;2026-02-24T09:00:00+01:00;KWH 60 Forbruk;4,442;kWh;Målt;2026-02-25T06:18:43+01:00
2026-02-24T09:00:00+01:00;2026-02-24T10:00:00+01:00;KWH 60 Forbruk;2,137;kWh;Målt;2026-02-25T06:18:43+01:00
2026-02-24T10:00:00+01:00;2026-02-24T11:00:00+01:00;KWH 60 Forbruk;1,580;kWh;Målt;2026-02-25T06:18:43+01:00
2026-02-24T11:00:00+01:00;2026-02-24T12:00:00+01:00;KWH 60 Forbruk;2,615;kWh;Målt;2026-02-25T06:18:43+01:00
2026-02-24T12:00:00+01:00;2026-02-24T13:00:00+01:00;KWH 60 Forbruk;1,891;kWh;Målt;2026-02-25T06:18:43+01:00
2026-02-24T13:00:00+01:00;2026-02-24T14:00:00+01:00;KWH 60 Forbruk;1,798;kWh;Målt;2026-02-25T06:18:43+01:00
2026-02-24T14:00:00+01:00;2026-02-24T15:00:00+01:00;KWH 60 Forbruk;2,806;kWh;Målt;2026-02-25T06:18:43+01:00
2026-02-24T15:00:00+01:00;2026-02-24T16:00:00+01:00;KWH 60 Forbruk;2,002;kWh;Målt;2026-02-25T06:18:43+01:00
2026-02-24T16:00:00+01:00;2026-02-24T17:00:00+01:00;KWH 60 Forbruk;2,955;kWh;Målt;2026-02-25T06:18:43+01:00
2026-02-24T17:00:00+01:00;2026-02-24T18:00:00+01:00;KWH 60 Forbruk;1,924;kWh;Målt;2026-02-25T06:18:43+01:00
2026-02-24T18:00:00+01:00;2026-02-24T19:00:00+01:00;KWH 60 Forbruk;3,738;kWh;Målt;2026-02-25T06:18:43+01:00
2026-02-24T19:00:00+01:00;2026-02-24T20:00:00+01:00;KWH 60 Forbruk;2,644;kWh;Målt;2026-02-25T06:18:43+01:00
2026-02-24T20:00:00+01:00;2026-02-24T21:00:00+01:00;KWH 60 Forbruk;1,693;kWh;Målt;2026-02-25T06:18:43+01:00
2026-02-24T21:00:00+01:00;2026-02-24T22:00:00+01:00;KWH 60 Forbruk;2,320;kWh;Målt;2026-02-25T06:18:43+01:00
2026-02-24T22:00:00+01:00;2026-02-24T23:00:00+01:00;KWH 60 Forbruk;1,784;kWh;Målt;2026-02-25T06:18:43+01:00
2026-02-24T23:00:00+01:00;2026-02-25T00:00:00+01:00;KWH 60 Forbruk;2,067;kWh;Målt;2026-02-25T06:18:43+01:00
2026-02-25T00:00:00+01:00;2026-02-25T01:00:00+01:00;KWH 60 Forbruk;1,234;kWh;Målt;2026-02-26T06:17:16+01:00
2026-02-25T01:00:00+01:00;2026-02-25T02:00:00+01:00;KWH 60 Forbruk;1,518;kWh;Målt;2026-02-26T06:17:16+01:00
2026-02-25T02:00:00+01:00;2026-02-25T03:00:00+01:00;KWH 60 Forbruk;1,342;kWh;Målt;2026-02-26T06:17:16+01:00
2026-02-25T03:00:00+01:00;2026-02-25T04:00:00+01:00;KWH 60 Forbruk;2,232;kWh;Målt;2026-02-26T06:17:16+01:00
2026-02-25T04:00:00+01:00;2026-02-25T05:00:00+01:00;KWH 60 Forbruk;1,417;kWh;Målt;2026-02-26T06:17:16+01:00
2026-02-25T05:00:00+01:00;2026-02-25T06:00:00+01:00;KWH 60 Forbruk;1,585;kWh;Målt;2026-02-26T06:17:16+01:00
2026-02-25T06:00:00+01:00;2026-02-25T07:00:00+01:00;KWH 60 Forbruk;2,173;kWh;Målt;2026-02-26T06:17:16+01:00
2026-02-25T07:00:00+01:00;2026-02-25T08:00:00+01:00;KWH 60 Forbruk;2,051;kWh;Målt;2026-02-26T06:17:16+01:00
2026-02-25T08:00:00+01:00;2026-02-25T09:00:00+01:00;KWH 60 Forbruk;3,333;kWh;Målt;2026-02-26T06:17:16+01:00
2026-02-25T09:00:00+01:00;2026-02-25T10:00:00+01:00;KWH 60 Forbruk;4,115;kWh;Målt;2026-02-26T06:17:16+01:00
2026-02-25T10:00:00+01:00;2026-02-25T11:00:00+01:00;KWH 60 Forbruk;4,141;kWh;Målt;2026-02-26T06:17:16+01:00
2026-02-25T11:00:00+01:00;2026-02-25T12:00:00+01:00;KWH 60 Forbruk;3,075;kWh;Målt;2026-02-26T06:17:16+01:00
2026-02-25T12:00:00+01:00;2026-02-25T13:00:00+01:00;KWH 60 Forbruk;1,913;kWh;Målt;2026-02-26T06:17:16+01:00
2026-02-25T13:00:00+01:00;2026-02-25T14:00:00+01:00;KWH 60 Forbruk;1,575;kWh;Målt;2026-02-26T06:17:16+01:00
2026-02-25T14:00:00+01:00;2026-02-25T15:00:00+01:00;KWH 60 Forbruk;2,365;kWh;Målt;2026-02-26T06:17:16+01:00
2026-02-25T15:00:00+01:00;2026-02-25T16:00:00+01:00;KWH 60 Forbruk;2,332;kWh;Målt;2026-02-26T06:17:16+01:00
2026-02-25T16:00:00+01:00;2026-02-25T17:00:00+01:00;KWH 60 Forbruk;2,702;kWh;Målt;2026-02-26T06:17:16+01:00
2026-02-25T17:00:00+01:00;2026-02-25T18:00:00+01:00;KWH 60 Forbruk;1,675;kWh;Målt;2026-02-26T06:17:16+01:00
2026-02-25T18:00:00+01:00;2026-02-25T19:00:00+01:00;KWH 60 Forbruk;2,737;kWh;Målt;2026-02-26T06:17:16+01:00
2026-02-25T19:00:00+01:00;2026-02-25T20:00:00+01:00;KWH 60 Forbruk;2,069;kWh;Målt;2026-02-26T06:17:16+01:00
2026-02-25T20:00:00+01:00;2026-02-25T21:00:00+01:00;KWH 60 Forbruk;2,885;kWh;Målt;2026-02-26T06:17:16+01:00
2026-02-25T21:00:00+01:00;2026-02-25T22:00:00+01:00;KWH 60 Forbruk;1,691;kWh;Målt;2026-02-26T06:17:16+01:00
2026-02-25T22:00:00+01:00;2026-02-25T23:00:00+01:00;KWH 60 Forbruk;1,582;kWh;Målt;2026-02-26T06:17:16+01:00
2026-02-25T23:00:00+01:00;2026-02-26T00:00:00+01:00;KWH 60 Forbruk;2,698;kWh;Målt;2026-02-26T06:17:16+01:00
2026-02-26T00:00:00+01:00;2026-02-26T01:00:00+01:00;KWH 60 Forbruk;1,347;kWh;Målt;2026-02-27T06:19:17+01:00
2026-02-26T01:00:00+01:00;2026-02-26T02:00:00+01:00;KWH 60 Forbruk;1,531;kWh;Målt;2026-02-27T06:19:17+01:00
2026-02-26T02:00:00+01:00;2026-02-26T03:00:00+01:00;KWH 60 Forbruk;2,042;kWh;Målt;2026-02-27T06:19:17+01:00
2026-02-26T03:00:00+01:00;2026-02-26T04:00:00+01:00;KWH 60 Forbruk;1,598;kWh;Målt;2026-02-27T06:19:17+01:00
2026-02-26T04:00:00+01:00;2026-02-26T05:00:00+01:00;KWH 60 Forbruk;1,533;kWh;Målt;2026-02-27T06:19:17+01:00
2026-02-26T05:00:00+01:00;2026-02-26T06:00:00+01:00;KWH 60 Forbruk;1,619;kWh;Målt;2026-02-27T06:19:17+01:00
2026-02-26T06:00:00+01:00;2026-02-26T07:00:00+01:00;KWH 60 Forbruk;2,310;kWh;Målt;2026-02-27T06:19:17+01:00
2026-02-26T07:00:00+01:00;2026-02-26T08:00:00+01:00;KWH 60 Forbruk;1,898;kWh;Målt;2026-02-27T06:19:17+01:00
2026-02-26T08:00:00+01:00;2026-02-26T09:00:00+01:00;KWH 60 Forbruk;3,834;kWh;Målt;2026-02-27T06:19:17+01:00
2026-02-26T09:00:00+01:00;2026-02-26T10:00:00+01:00;KWH 60 Forbruk;2,543;kWh;Målt;2026-02-27T06:19:17+01:00
2026-02-26T10:00:00+01:00;2026-02-26T11:00:00+01:00;KWH 60 Forbruk;2,124;kWh;Målt;2026-02-27T06:19:17+01:00
2026-02-26T11:00:00+01:00;2026-02-26T12:00:00+01:00;KWH 60 Forbruk;1,563;kWh;Målt;2026-02-27T06:19:17+01:00
2026-02-26T12:00:00+01:00;2026-02-26T13:00:00+01:00;KWH 60 Forbruk;2,146;kWh;Målt;2026-02-27T06:19:17+01:00
2026-02-26T13:00:00+01:00;2026-02-26T14:00:00+01:00;KWH 60 Forbruk;1,477;kWh;Målt;2026-02-27T06:19:17+01:00
2026-02-26T14:00:00+01:00;2026-02-26T15:00:00+01:00;KWH 60 Forbruk;1,742;kWh;Målt;2026-02-27T06:19:17+01:00
2026-02-26T15:00:00+01:00;2026-02-26T16:00:00+01:00;KWH 60 Forbruk;2,305;kWh;Målt;2026-02-27T06:19:17+01:00
2026-02-26T16:00:00+01:00;2026-02-26T17:00:00+01:00;KWH 60 Forbruk;4,284;kWh;Målt;2026-02-27T06:19:17+01:00
2026-02-26T17:00:00+01:00;2026-02-26T18:00:00+01:00;KWH 60 Forbruk;3,266;kWh;Målt;2026-02-27T06:19:17+01:00
2026-02-26T18:00:00+01:00;2026-02-26T19:00:00+01:00;KWH 60 Forbruk;3,974;kWh;Målt;2026-02-27T06:19:17+01:00
2026-02-26T19:00:00+01:00;2026-02-26T20:00:00+01:00;KWH 60 Forbruk;2,637;kWh;Målt;2026-02-27T06:19:17+01:00
2026-02-26T20:00:00+01:00;2026-02-26T21:00:00+01:00;KWH 60 Forbruk;1,505;kWh;Målt;2026-02-27T06:19:17+01:00
2026-02-26T21:00:00+01:00;2026-02-26T22:00:00+01:00;KWH 60 Forbruk;1,397;kWh;Målt;2026-02-27T06:19:17+01:00
2026-02-26T22:00:00+01:00;2026-02-26T23:00:00+01:00;KWH 60 Forbruk;2,057;kWh;Målt;2026-02-27T06:19:17+01:00
2026-02-26T23:00:00+01:00;2026-02-27T00:00:00+01:00;KWH 60 Forbruk;1,435;kWh;Målt;2026-02-27T06:19:17+01:00
2026-02-27T00:00:00+01:00;2026-02-27T01:00:00+01:00;KWH 60 Forbruk;2,053;kWh;Målt;2026-02-28T06:33:28+01:00
2026-02-27T01:00:00+01:00;2026-02-27T02:00:00+01:00;KWH 60 Forbruk;1,319;kWh;Målt;2026-02-28T06:33:28+01:00
2026-02-27T02:00:00+01:00;2026-02-27T03:00:00+01:00;KWH 60 Forbruk;1,491;kWh;Målt;2026-02-28T06:33:28+01:00
2026-02-27T03:00:00+01:00;2026-02-27T04:00:00+01:00;KWH 60 Forbruk;2,097;kWh;Målt;2026-02-28T06:33:28+01:00
2026-02-27T04:00:00+01:00;2026-02-27T05:00:00+01:00;KWH 60 Forbruk;1,533;kWh;Målt;2026-02-28T06:33:28+01:00
2026-02-27T05:00:00+01:00;2026-02-27T06:00:00+01:00;KWH 60 Forbruk;1,393;kWh;Målt;2026-02-28T06:33:28+01:00
2026-02-27T06:00:00+01:00;2026-02-27T07:00:00+01:00;KWH 60 Forbruk;1,904;kWh;Målt;2026-02-28T06:33:28+01:00
2026-02-27T07:00:00+01:00;2026-02-27T08:00:00+01:00;KWH 60 Forbruk;4,117;kWh;Målt;2026-02-28T06:33:28+01:00
2026-02-27T08:00:00+01:00;2026-02-27T09:00:00+01:00;KWH 60 Forbruk;2,008;kWh;Målt;2026-02-28T06:33:28+01:00
2026-02-27T09:00:00+01:00;2026-02-27T10:00:00+01:00;KWH 60 Forbruk;1,478;kWh;Målt;2026-02-28T06:33:28+01:00
2026-02-27T10:00:00+01:00;2026-02-27T11:00:00+01:00;KWH 60 Forbruk;1,688;kWh;Målt;2026-02-28T06:33:28+01:00
2026-02-27T11:00:00+01:00;2026-02-27T12:00:00+01:00;KWH 60 Forbruk;2,406;kWh;Målt;2026-02-28T06:33:28+01:00
2026-02-27T12:00:00+01:00;2026-02-27T13:00:00+01:00;KWH 60 Forbruk;1,805;kWh;Målt;2026-02-28T06:33:28+01:00
2026-02-27T13:00:00+01:00;2026-02-27T14:00:00+01:00;KWH 60 Forbruk;1,513;kWh;Målt;2026-02-28T06:33:28+01:00
2026-02-27T14:00:00+01:00;2026-02-27T15:00:00+01:00;KWH 60 Forbruk;1,915;kWh;Målt;2026-02-28T06:33:28+01:00
2026-02-27T15:00:00+01:00;2026-02-27T16:00:00+01:00;KWH 60 Forbruk;1,410;kWh;Målt;2026-02-28T06:33:28+01:00
2026-02-27T16:00:00+01:00;2026-02-27T17:00:00+01:00;KWH 60 Forbruk;1,310;kWh;Målt;2026-02-28T06:33:28+01:00
2026-02-27T17:00:00+01:00;2026-02-27T18:00:00+01:00;KWH 60 Forbruk;1,738;kWh;Målt;2026-02-28T06:33:28+01:00
2026-02-27T18:00:00+01:00;2026-02-27T19:00:00+01:00;KWH 60 Forbruk;1,730;kWh;Målt;2026-02-28T06:33:28+01:00
2026-02-27T19:00:00+01:00;2026-02-27T20:00:00+01:00;KWH 60 Forbruk;1,334;kWh;Målt;2026-02-28T06:33:28+01:00
2026-02-27T20:00:00+01:00;2026-02-27T21:00:00+01:00;KWH 60 Forbruk;2,120;kWh;Målt;2026-02-28T06:33:28+01:00
2026-02-27T21:00:00+01:00;2026-02-27T22:00:00+01:00;KWH 60 Forbruk;1,416;kWh;Målt;2026-02-28T06:33:28+01:00
2026-02-27T22:00:00+01:00;2026-02-27T23:00:00+01:00;KWH 60 Forbruk;2,658;kWh;Målt;2026-02-28T06:33:28+01:00
2026-02-27T23:00:00+01:00;2026-02-28T00:00:00+01:00;KWH 60 Forbruk;1,854;kWh;Målt;2026-02-28T06:33:28+01:00
2026-02-28T00:00:00+01:00;2026-02-28T01:00:00+01:00;KWH 60 Forbruk;1,790;kWh;Målt;2026-03-01T06:36:27+01:00
2026-02-28T01:00:00+01:00;2026-02-28T02:00:00+01:00;KWH 60 Forbruk;1,887;kWh;Målt;2026-03-01T06:36:27+01:00
2026-02-28T02:00:00+01:00;2026-02-28T03:00:00+01:00;KWH 60 Forbruk;2,153;kWh;Målt;2026-03-01T06:36:27+01:00
2026-02-28T03:00:00+01:00;2026-02-28T04:00:00+01:00;KWH 60 Forbruk;1,535;kWh;Målt;2026-03-01T06:36:27+01:00
2026-02-28T04:00:00+01:00;2026-02-28T05:00:00+01:00;KWH 60 Forbruk;1,607;kWh;Målt;2026-03-01T06:36:27+01:00
2026-02-28T05:00:00+01:00;2026-02-28T06:00:00+01:00;KWH 60 Forbruk;1,576;kWh;Målt;2026-03-01T06:36:27+01:00
2026-02-28T06:00:00+01:00;2026-02-28T07:00:00+01:00;KWH 60 Forbruk;2,190;kWh;Målt;2026-03-01T06:36:27+01:00
2026-02-28T07:00:00+01:00;2026-02-28T08:00:00+01:00;KWH 60 Forbruk;1,822;kWh;Målt;2026-03-01T06:36:27+01:00
2026-02-28T08:00:00+01:00;2026-02-28T09:00:00+01:00;KWH 60 Forbruk;2,557;kWh;Målt;2026-03-01T06:36:27+01:00
2026-02-28T09:00:00+01:00;2026-02-28T10:00:00+01:00;KWH 60 Forbruk;1,892;kWh;Målt;2026-03-01T06:36:27+01:00
2026-02-28T10:00:00+01:00;2026-02-28T11:00:00+01:00;KWH 60 Forbruk;3,636;kWh;Målt;2026-03-01T06:36:27+01:00
2026-02-28T11:00:00+01:00;2026-02-28T12:00:00+01:00;KWH 60 Forbruk;3,778;kWh;Målt;2026-03-01T06:36:27+01:00
2026-02-28T12:00:00+01:00;2026-02-28T13:00:00+01:00;KWH 60 Forbruk;2,347;kWh;Målt;2026-03-01T06:36:27+01:00
2026-02-28T13:00:00+01:00;2026-02-28T14:00:00+01:00;KWH 60 Forbruk;1,798;kWh;Målt;2026-03-01T06:36:27+01:00
2026-02-28T14:00:00+01:00;2026-02-28T15:00:00+01:00;KWH 60 Forbruk;2,086;kWh;Målt;2026-03-01T06:36:27+01:00
2026-02-28T15:00:00+01:00;2026-02-28T16:00:00+01:00;KWH 60 Forbruk;1,671;kWh;Målt;2026-03-01T06:36:27+01:00
2026-02-28T16:00:00+01:00;2026-02-28T17:00:00+01:00;KWH 60 Forbruk;2,336;kWh;Målt;2026-03-01T06:36:27+01:00
2026-02-28T17:00:00+01:00;2026-02-28T18:00:00+01:00;KWH 60 Forbruk;2,226;kWh;Målt;2026-03-01T06:36:27+01:00
2026-02-28T18:00:00+01:00;2026-02-28T19:00:00+01:00;KWH 60 Forbruk;4,169;kWh;Målt;2026-03-01T06:36:27+01:00
2026-02-28T19:00:00+01:00;2026-02-28T20:00:00+01:00;KWH 60 Forbruk;2,314;kWh;Målt;2026-03-01T06:36:27+01:00
2026-02-28T20:00:00+01:00;2026-02-28T21:00:00+01:00;KWH 60 Forbruk;1,659;kWh;Målt;2026-03-01T06:36:27+01:00
2026-02-28T21:00:00+01:00;2026-02-28T22:00:00+01:00;KWH 60 Forbruk;0,839;kWh;Målt;2026-03-01T06:36:27+01:00
2026-02-28T22:00:00+01:00;2026-02-28T23:00:00+01:00;KWH 60 Forbruk;1,369;kWh;Målt;2026-03-01T06:36:27+01:00
2026-02-28T23:00:00+01:00;2026-03-01T00:00:00+01:00;KWH 60 Forbruk;1,022;kWh;Målt;2026-03-01T06:36:27+01:00
2026-03-01T00:00:00+01:00;2026-03-01T01:00:00+01:00;KWH 60 Forbruk;0,914;kWh;Målt;2026-03-02T06:18:16+01:00
2026-03-01T01:00:00+01:00;2026-03-01T02:00:00+01:00;KWH 60 Forbruk;1,821;kWh;Målt;2026-03-02T06:18:16+01:00
2026-03-01T02:00:00+01:00;2026-03-01T03:00:00+01:00;KWH 60 Forbruk;1,262;kWh;Målt;2026-03-02T06:18:16+01:00
2026-03-01T03:00:00+01:00;2026-03-01T04:00:00+01:00;KWH 60 Forbruk;1,382;kWh;Målt;2026-03-02T06:18:16+01:00
2026-03-01T04:00:00+01:00;2026-03-01T05:00:00+01:00;KWH 60 Forbruk;2,090;kWh;Målt;2026-03-02T06:18:16+01:00
2026-03-01T05:00:00+01:00;2026-03-01T06:00:00+01:00;KWH 60 Forbruk;1,810;kWh;Målt;2026-03-02T06:18:16+01:00
2026-03-01T06:00:00+01:00;2026-03-01T07:00:00+01:00;KWH 60 Forbruk;1,886;kWh;Målt;2026-03-02T06:18:16+01:00
2026-03-01T07:00:00+01:00;2026-03-01T08:00:00+01:00;KWH 60 Forbruk;3,042;kWh;Målt;2026-03-02T06:18:16+01:00
2026-03-01T08:00:00+01:00;2026-03-01T09:00:00+01:00;KWH 60 Forbruk;1,924;kWh;Målt;2026-03-02T06:18:16+01:00
2026-03-01T09:00:00+01:00;2026-03-01T10:00:00+01:00;KWH 60 Forbruk;2,505;kWh;Målt;2026-03-02T06:18:16+01:00
2026-03-01T10:00:00+01:00;2026-03-01T11:00:00+01:00;KWH 60 Forbruk;4,078;kWh;Målt;2026-03-02T06:18:16+01:00
2026-03-01T11:00:00+01:00;2026-03-01T12:00:00+01:00;KWH 60 Forbruk;2,279;kWh;Målt;2026-03-02T06:18:16+01:00
2026-03-01T12:00:00+01:00;2026-03-01T13:00:00+01:00;KWH 60 Forbruk;1,890;kWh;Målt;2026-03-02T06:18:16+01:00
2026-03-01T13:00:00+01:00;2026-03-01T14:00:00+01:00;KWH 60 Forbruk;2,172;kWh;Målt;2026-03-02T06:18:16+01:00
2026-03-01T14:00:00+01:00;2026-03-01T15:00:00+01:00;KWH 60 Forbruk;1,494;kWh;Målt;2026-03-02T06:18:16+01:00
2026-03-01T15:00:00+01:00;2026-03-01T16:00:00+01:00;KWH 60 Forbruk;2,268;kWh;Målt;2026-03-02T06:18:16+01:00
2026-03-01T16:00:00+01:00;2026-03-01T17:00:00+01:00;KWH 60 Forbruk;1,957;kWh;Målt;2026-03-02T06:18:16+01:00
2026-03-01T17:00:00+01:00;2026-03-01T18:00:00+01:00;KWH 60 Forbruk;2,838;kWh;Målt;2026-03-02T06:18:16+01:00
2026-03-01T18:00:00+01:00;2026-03-01T19:00:00+01:00;KWH 60 Forbruk;2,321;kWh;Målt;2026-03-02T06:18:16+01:00
2026-03-01T19:00:00+01:00;2026-03-01T20:00:00+01:00;KWH 60 Forbruk;1,698;kWh;Målt;2026-03-02T06:18:16+01:00
2026-03-01T20:00:00+01:00;2026-03-01T21:00:00+01:00;KWH 60 Forbruk;1,632;kWh;Målt;2026-03-02T06:18:16+01:00
2026-03-01T21:00:00+01:00;2026-03-01T22:00:00+01:00;KWH 60 Forbruk;2,825;kWh;Målt;2026-03-02T06:18:16+01:00
2026-03-01T22:00:00+01:00;2026-03-01T23:00:00+01:00;KWH 60 Forbruk;1,174;kWh;Målt;2026-03-02T06:18:16+01:00
2026-03-01T23:00:00+01:00;2026-03-02T00:00:00+01:00;KWH 60 Forbruk;2,496;kWh;Målt;2026-03-02T06:18:16+01:00